,From_Date,To_Date,PM2.5,SO2,NO2,CO
0,01-01-2018 00:00,02-01-2018 00:00,39.43,1.17,42.06,0.7
1,02-01-2018 00:00,03-01-2018 00:00,35.23,1.25,36.91,0.46
2,03-01-2018 00:00,04-01-2018 00:00,28.95,1.23,44.65,0.59
3,04-01-2018 00:00,05-01-2018 00:00,23.96,2.04,41.55,0.37
4,05-01-2018 00:00,06-01-2018 00:00,24.43,7.28,43.51,0.61
5,06-01-2018 00:00,07-01-2018 00:00,31.52,4.19,49.45,0.45
6,07-01-2018 00:00,08-01-2018 00:00,38.76,1.51,35.84,0.48
7,08-01-2018 00:00,09-01-2018 00:00,35.5,1.52,44.64,0.35
8,09-01-2018 00:00,10-01-2018 00:00,38.25,1.18,37.65,0.36
9,10-01-2018 00:00,11-01-2018 00:00,35.4,1.07,39.94,0.45
10,11-01-2018 00:00,12-01-2018 00:00,96.43,1.19,40.91,0.57
11,12-01-2018 00:00,13-01-2018 00:00,35.19,1.35,39.57,0.58
12,13-01-2018 00:00,14-01-2018 00:00,33.12,1.54,44.47,0.51
13,14-01-2018 00:00,15-01-2018 00:00,38.66,1.7,38.27,0.45
14,15-01-2018 00:00,16-01-2018 00:00,36.88,2.45,38.07,0.39
15,16-01-2018 00:00,17-01-2018 00:00,41.63,1.94,37.02,0.43
16,17-01-2018 00:00,18-01-2018 00:00,43.67,2.72,35.23,0.41
17,18-01-2018 00:00,19-01-2018 00:00,34.13,2.23,36.94,0.44
18,19-01-2018 00:00,20-01-2018 00:00,33.66,1.69,38.62,0.41
19,20-01-2018 00:00,21-01-2018 00:00,31.48,1.65,37.21,0.45
20,21-01-2018 00:00,22-01-2018 00:00,36.84,1.28,32.5,0.36
21,22-01-2018 00:00,23-01-2018 00:00,46.05,1.36,41.59,0.49
22,23-01-2018 00:00,24-01-2018 00:00,50.7,1.14,44.19,0.64
23,24-01-2018 00:00,25-01-2018 00:00,47.71,1.24,44.96,0.5
24,25-01-2018 00:00,26-01-2018 00:00,45.28,1.03,38.36,0.48
25,26-01-2018 00:00,27-01-2018 00:00,42.3,1.01,40.86,0.47
26,27-01-2018 00:00,28-01-2018 00:00,51.77,1.32,45.38,0.8
27,28-01-2018 00:00,29-01-2018 00:00,40.52,1.16,33.15,0.36
28,29-01-2018 00:00,30-01-2018 00:00,38.34,1.04,37.26,0.44
29,30-01-2018 00:00,31-01-2018 00:00,82.87,1.58,37.21,0.43
30,31-01-2018 00:00,01-02-2018 00:00,38.78,1.61,41.83,0.46
31,01-02-2018 00:00,02-02-2018 00:00,33.82,1.56,49.86,0.48
32,02-02-2018 00:00,03-02-2018 00:00,32.1,1.78,47.25,0.48
33,03-02-2018 00:00,04-02-2018 00:00,34.98,1.93,36.58,0.44
34,04-02-2018 00:00,05-02-2018 00:00,28.24,1.74,29.84,0.43
35,05-02-2018 00:00,06-02-2018 00:00,28.25,1.61,31.65,0.44
36,06-02-2018 00:00,07-02-2018 00:00,35.03,1.75,30.22,0.47
37,07-02-2018 00:00,08-02-2018 00:00,29.66,1.81,22.85,0.47
38,08-02-2018 00:00,09-02-2018 00:00,28.08,1.89,36.98,0.7
39,09-02-2018 00:00,10-02-2018 00:00,28.89,1.86,30.17,0.41
40,10-02-2018 00:00,11-02-2018 00:00,26.47,1.99,35.45,0.47
41,11-02-2018 00:00,12-02-2018 00:00,24.9,1.72,25.22,0.39
42,12-02-2018 00:00,13-02-2018 00:00,23.1,1.63,24.73,0.44
43,13-02-2018 00:00,14-02-2018 00:00,33.5,1.57,22.39,0.39
44,14-02-2018 00:00,15-02-2018 00:00,34.02,1.61,24.95,0.41
45,15-02-2018 00:00,16-02-2018 00:00,28.66,1.67,25.38,0.44
46,16-02-2018 00:00,17-02-2018 00:00,27.23,3.72,34.48,0.48
47,17-02-2018 00:00,18-02-2018 00:00,30.45,7.99,34.78,0.48
48,18-02-2018 00:00,19-02-2018 00:00,26.22,8.05,28.23,0.38
49,19-02-2018 00:00,20-02-2018 00:00,26.48,5.39,27.95,0.45
50,20-02-2018 00:00,21-02-2018 00:00,28.66,0.98,20.55,0.38
51,21-02-2018 00:00,22-02-2018 00:00,31.76,2.1,31.17,0.39
52,22-02-2018 00:00,23-02-2018 00:00,35.26,1.9,29.65,0.41
53,23-02-2018 00:00,24-02-2018 00:00,27.63,0.67,35.07,0.52
54,24-02-2018 00:00,25-02-2018 00:00,21.72,0.54,26.75,0.47
55,25-02-2018 00:00,26-02-2018 00:00,19.88,0.4,19.14,0.45
56,26-02-2018 00:00,27-02-2018 00:00,16.25,1.37,31.61,0.49
57,27-02-2018 00:00,28-02-2018 00:00,22.74,3.0,33.32,0.5
58,28-02-2018 00:00,01-03-2018 00:00,25.03,2.8,31.22,0.55
59,01-03-2018 00:00,02-03-2018 00:00,28.72,2.22,26.66,0.48
60,02-03-2018 00:00,03-03-2018 00:00,29.04,2.62,31.51,0.73
61,03-03-2018 00:00,04-03-2018 00:00,28.87,2.64,32.64,0.46
62,04-03-2018 00:00,05-03-2018 00:00,27.79,1.55,19.16,0.25
63,05-03-2018 00:00,06-03-2018 00:00,20.78,2.86,32.29,0.39
64,06-03-2018 00:00,07-03-2018 00:00,20.06,2.77,32.6,0.37
65,07-03-2018 00:00,08-03-2018 00:00,23.38,2.7,32.58,0.54
66,08-03-2018 00:00,09-03-2018 00:00,39.53,3.0,32.79,0.65
67,09-03-2018 00:00,10-03-2018 00:00,52.83,3.7,42.08,0.7
68,10-03-2018 00:00,11-03-2018 00:00,57.83,3.36,32.31,0.58
69,11-03-2018 00:00,12-03-2018 00:00,42.43,3.0,27.62,0.61
70,12-03-2018 00:00,13-03-2018 00:00,34.16,2.97,26.1,0.65
71,13-03-2018 00:00,14-03-2018 00:00,15.74,2.86,21.29,0.64
72,14-03-2018 00:00,15-03-2018 00:00,31.08,3.26,26.79,0.91
73,15-03-2018 00:00,16-03-2018 00:00,24.57,3.65,23.8,0.74
74,16-03-2018 00:00,17-03-2018 00:00,19.92,3.27,21.93,0.69
75,17-03-2018 00:00,18-03-2018 00:00,22.44,2.18,21.97,0.71
76,18-03-2018 00:00,19-03-2018 00:00,22.18,2.4,19.54,0.68
77,19-03-2018 00:00,20-03-2018 00:00,32.12,2.38,31.74,0.74
78,20-03-2018 00:00,21-03-2018 00:00,48.9,2.64,42.42,0.75
79,21-03-2018 00:00,22-03-2018 00:00,51.7,2.52,33.17,0.72
80,22-03-2018 00:00,23-03-2018 00:00,41.23,3.63,36.37,1.01
81,23-03-2018 00:00,24-03-2018 00:00,53.4,3.99,35.82,0.76
82,24-03-2018 00:00,25-03-2018 00:00,47.83,3.5,32.43,0.67
83,25-03-2018 00:00,26-03-2018 00:00,53.56,3.62,27.58,0.72
84,26-03-2018 00:00,27-03-2018 00:00,111.9,4.65,32.46,0.62
85,27-03-2018 00:00,28-03-2018 00:00,3.97,6.75,32.58,0.55
86,28-03-2018 00:00,29-03-2018 00:00,97.95,34.77,65.4,0.0
87,29-03-2018 00:00,30-03-2018 00:00,91.17,1.35,44.55,0.99
88,30-03-2018 00:00,31-03-2018 00:00,112.22,1.57,24.88,0.8
89,31-03-2018 00:00,01-04-2018 00:00,91.42,2.62,24.58,0.87
90,01-04-2018 00:00,02-04-2018 00:00,69.25,2.83,22.55,0.84
91,02-04-2018 00:00,03-04-2018 00:00,81.78,3.06,28.46,0.93
92,03-04-2018 00:00,04-04-2018 00:00,91.95,3.87,39.6,0.97
93,04-04-2018 00:00,05-04-2018 00:00,115.28,3.42,35.46,0.85
94,05-04-2018 00:00,06-04-2018 00:00,152.04,3.39,29.29,0.83
95,06-04-2018 00:00,07-04-2018 00:00,118.9,3.55,35.42,0.85
96,07-04-2018 00:00,08-04-2018 00:00,48.74,3.42,25.7,0.59
97,08-04-2018 00:00,09-04-2018 00:00,49.39,3.37,22.74,0.58
98,09-04-2018 00:00,10-04-2018 00:00,88.67,2.36,16.65,0.44
99,10-04-2018 00:00,11-04-2018 00:00,89.79,3.2,27.73,0.67
100,11-04-2018 00:00,12-04-2018 00:00,68.77,1.83,12.93,0.49
101,12-04-2018 00:00,13-04-2018 00:00,103.57611011370436,2.94,25.98,0.81
102,13-04-2018 00:00,14-04-2018 00:00,9.23,3.56,25.39,0.81
103,14-04-2018 00:00,15-04-2018 00:00,80.02,3.8,21.79,0.77
104,15-04-2018 00:00,16-04-2018 00:00,124.21,3.49,16.81,0.78
105,16-04-2018 00:00,17-04-2018 00:00,31.65,3.07,19.74,0.9
106,17-04-2018 00:00,18-04-2018 00:00,32.1,2.74,28.91,0.96
107,18-04-2018 00:00,19-04-2018 00:00,37.2,2.76,32.06,0.91
108,19-04-2018 00:00,20-04-2018 00:00,47.23,1.98,20.59,0.74
109,20-04-2018 00:00,21-04-2018 00:00,5.12,2.21,36.5,0.86
110,21-04-2018 00:00,22-04-2018 00:00,32.7,2.86,38.45,1.0
111,22-04-2018 00:00,23-04-2018 00:00,34.14,3.96,18.81,0.78
112,23-04-2018 00:00,24-04-2018 00:00,2.45,4.04,16.7,0.75
113,24-04-2018 00:00,25-04-2018 00:00,32.48,3.26,33.52,0.94
114,25-04-2018 00:00,26-04-2018 00:00,46.02,3.14,20.0,0.77
115,26-04-2018 00:00,27-04-2018 00:00,53.51,5.72,24.5,1.22
116,27-04-2018 00:00,28-04-2018 00:00,44.98,5.26,20.95,1.41
117,28-04-2018 00:00,29-04-2018 00:00,50.21,5.56,23.0,1.36
118,29-04-2018 00:00,30-04-2018 00:00,58.15,6.01,28.64,0.66
119,30-04-2018 00:00,01-05-2018 00:00,219.78,5.78,23.37,0.75
120,01-05-2018 00:00,02-05-2018 00:00,40.06,6.23,18.09,0.73
121,02-05-2018 00:00,03-05-2018 00:00,65.64,8.44,25.2,1.52
122,03-05-2018 00:00,04-05-2018 00:00,41.28,5.78,34.13,1.36
123,04-05-2018 00:00,05-05-2018 00:00,41.24,6.15,30.18,0.0
124,05-05-2018 00:00,06-05-2018 00:00,61.07,4.39,34.19,0.0
125,06-05-2018 00:00,07-05-2018 00:00,81.92,5.72,23.03,0.0
126,07-05-2018 00:00,08-05-2018 00:00,56.58,5.17,62.89,0.0
127,08-05-2018 00:00,09-05-2018 00:00,51.66,5.98,31.35,0.0
128,09-05-2018 00:00,10-05-2018 00:00,34.42,5.75,27.09,0.0
129,10-05-2018 00:00,11-05-2018 00:00,28.12,5.07,28.58,0.0
130,11-05-2018 00:00,12-05-2018 00:00,20.94,5.51,39.24,0.0
131,12-05-2018 00:00,13-05-2018 00:00,30.19,4.57,23.1,0.0
132,13-05-2018 00:00,14-05-2018 00:00,28.23,5.74,27.28,0.0
133,14-05-2018 00:00,15-05-2018 00:00,38.09,7.12,46.97,0.0
134,15-05-2018 00:00,16-05-2018 00:00,40.48,6.16,41.62,0.0
135,16-05-2018 00:00,17-05-2018 00:00,39.74,6.28,33.87,0.0
136,17-05-2018 00:00,18-05-2018 00:00,43.93,5.09,23.76,0.0
137,18-05-2018 00:00,19-05-2018 00:00,52.38,4.04,44.22,1.86
138,19-05-2018 00:00,20-05-2018 00:00,51.26,5.75,37.81,0.79
139,20-05-2018 00:00,21-05-2018 00:00,55.87,3.34,14.7,0.87
140,21-05-2018 00:00,22-05-2018 00:00,44.19,4.17,19.73,0.97
141,22-05-2018 00:00,23-05-2018 00:00,46.46,1.95,19.83,1.0
142,23-05-2018 00:00,24-05-2018 00:00,62.79,2.46,23.22,0.9
143,24-05-2018 00:00,25-05-2018 00:00,37.99,2.28,21.42,0.98
144,25-05-2018 00:00,26-05-2018 00:00,53.01,2.14,19.01,0.86
145,26-05-2018 00:00,27-05-2018 00:00,39.21,2.42,15.78,0.96
146,27-05-2018 00:00,28-05-2018 00:00,39.7,2.73,22.85,0.82
147,28-05-2018 00:00,29-05-2018 00:00,29.28,2.67,16.12,0.84
148,29-05-2018 00:00,30-05-2018 00:00,22.96,2.47,11.17,0.83
149,30-05-2018 00:00,31-05-2018 00:00,65.9,2.55,12.9,0.86
150,31-05-2018 00:00,01-06-2018 00:00,50.81,2.28,14.65,0.79
151,01-06-2018 00:00,02-06-2018 00:00,63.3,2.4,18.68,0.93
152,02-06-2018 00:00,03-06-2018 00:00,80.03,3.49,27.27,1.07
153,03-06-2018 00:00,04-06-2018 00:00,61.06,3.27,13.37,0.82
154,04-06-2018 00:00,05-06-2018 00:00,40.12,2.35,10.74,0.66
155,05-06-2018 00:00,06-06-2018 00:00,35.65,2.95,12.51,0.68
156,06-06-2018 00:00,07-06-2018 00:00,35.9,3.91,13.27,0.81
157,07-06-2018 00:00,08-06-2018 00:00,41.28,4.09,11.33,0.83
158,08-06-2018 00:00,09-06-2018 00:00,29.27,4.44,11.69,0.81
159,09-06-2018 00:00,10-06-2018 00:00,29.04,4.36,11.67,0.78
160,10-06-2018 00:00,11-06-2018 00:00,39.37,3.44,8.46,0.69
161,11-06-2018 00:00,12-06-2018 00:00,34.58,3.64,11.55,0.81
162,12-06-2018 00:00,13-06-2018 00:00,30.75,1.01,11.26,0.8
163,13-06-2018 00:00,14-06-2018 00:00,32.35,1.72,11.5,0.84
164,14-06-2018 00:00,15-06-2018 00:00,20.18,2.15,12.67,0.84
165,15-06-2018 00:00,16-06-2018 00:00,8.92,2.04,13.94,0.79
166,16-06-2018 00:00,17-06-2018 00:00,60.31,1.95,14.54,0.83
167,17-06-2018 00:00,18-06-2018 00:00,18.91,0.97,11.5,0.83
168,18-06-2018 00:00,19-06-2018 00:00,17.18,4.33,12.84,0.8
169,19-06-2018 00:00,20-06-2018 00:00,21.92,4.5,11.57,0.89
170,20-06-2018 00:00,21-06-2018 00:00,11.44,3.14,14.47,0.83
171,21-06-2018 00:00,22-06-2018 00:00,12.32,2.54,10.51,0.84
172,22-06-2018 00:00,23-06-2018 00:00,19.4,2.16,17.86,0.82
173,23-06-2018 00:00,24-06-2018 00:00,17.93,2.73,13.13,0.87
174,24-06-2018 00:00,25-06-2018 00:00,24.21,2.45,11.05,0.82
175,25-06-2018 00:00,26-06-2018 00:00,14.0,2.19,11.56,0.84
176,26-06-2018 00:00,27-06-2018 00:00,28.36,1.18,10.84,0.83
177,27-06-2018 00:00,28-06-2018 00:00,5.43,2.2,13.05,0.88
178,28-06-2018 00:00,29-06-2018 00:00,4.8,4.33,13.15,0.85
179,29-06-2018 00:00,30-06-2018 00:00,25.14,4.37,14.26,0.87
180,30-06-2018 00:00,01-07-2018 00:00,22.83,4.36,14.85,0.86
181,01-07-2018 00:00,02-07-2018 00:00,24.19,3.19,13.05,0.84
182,02-07-2018 00:00,03-07-2018 00:00,13.23,2.74,11.79,0.79
183,03-07-2018 00:00,04-07-2018 00:00,19.08,1.34,12.92,0.88
184,04-07-2018 00:00,05-07-2018 00:00,12.89,1.1,10.95,0.82
185,05-07-2018 00:00,06-07-2018 00:00,13.66,1.95,12.76,0.73
186,06-07-2018 00:00,07-07-2018 00:00,12.14,2.37,12.86,0.8
187,07-07-2018 00:00,08-07-2018 00:00,8.47,2.0,11.72,0.81
188,08-07-2018 00:00,09-07-2018 00:00,11.07,3.72,11.68,0.84
189,09-07-2018 00:00,10-07-2018 00:00,15.45,5.11,12.92,0.88
190,10-07-2018 00:00,11-07-2018 00:00,12.42,5.15,18.39,0.7
191,11-07-2018 00:00,12-07-2018 00:00,11.35,3.42,12.94,0.83
192,12-07-2018 00:00,13-07-2018 00:00,10.76,0.91,9.61,0.83
193,13-07-2018 00:00,14-07-2018 00:00,12.62,1.22,11.64,0.83
194,14-07-2018 00:00,15-07-2018 00:00,13.14,1.33,11.75,0.86
195,15-07-2018 00:00,16-07-2018 00:00,13.09,1.63,9.97,0.64
196,16-07-2018 00:00,17-07-2018 00:00,9.87,0.99,10.76,0.81
197,17-07-2018 00:00,18-07-2018 00:00,11.33,3.58,12.51,0.87
198,18-07-2018 00:00,19-07-2018 00:00,12.09,3.38,11.05,0.82
199,19-07-2018 00:00,20-07-2018 00:00,11.04,1.57,12.76,0.84
200,20-07-2018 00:00,21-07-2018 00:00,10.96,1.48,9.07,0.81
201,21-07-2018 00:00,22-07-2018 00:00,14.32,2.42,13.36,0.71
202,22-07-2018 00:00,23-07-2018 00:00,16.46,2.53,12.21,0.78
203,23-07-2018 00:00,24-07-2018 00:00,15.29,2.12,12.83,0.86
204,24-07-2018 00:00,25-07-2018 00:00,12.45,2.26,11.89,0.89
205,25-07-2018 00:00,26-07-2018 00:00,12.06,2.88,11.54,0.83
206,26-07-2018 00:00,27-07-2018 00:00,13.83,3.8,16.27,0.81
207,27-07-2018 00:00,28-07-2018 00:00,15.83,4.04,11.75,0.84
208,28-07-2018 00:00,29-07-2018 00:00,16.85,4.11,13.85,0.93
209,29-07-2018 00:00,30-07-2018 00:00,16.74,3.4,12.28,0.84
210,30-07-2018 00:00,31-07-2018 00:00,16.04,3.47,12.76,0.84
211,31-07-2018 00:00,01-08-2018 00:00,15.62,3.39,12.2,0.84
212,01-08-2018 00:00,02-08-2018 00:00,15.76,3.42,14.76,0.84
213,02-08-2018 00:00,03-08-2018 00:00,15.36,3.78,16.15,0.86
214,03-08-2018 00:00,04-08-2018 00:00,15.69,3.66,14.04,0.84
215,04-08-2018 00:00,05-08-2018 00:00,18.84,3.76,14.24,0.8
216,05-08-2018 00:00,06-08-2018 00:00,15.39,3.52,10.48,0.83
217,06-08-2018 00:00,07-08-2018 00:00,13.78,3.53,11.54,0.86
218,07-08-2018 00:00,08-08-2018 00:00,11.86,3.7,12.91,0.84
219,08-08-2018 00:00,09-08-2018 00:00,9.98,3.72,13.39,0.89
220,09-08-2018 00:00,10-08-2018 00:00,11.87,3.77,11.88,0.85
221,10-08-2018 00:00,11-08-2018 00:00,11.51,3.72,11.76,0.86
222,11-08-2018 00:00,12-08-2018 00:00,8.91,3.18,11.05,0.79
223,12-08-2018 00:00,13-08-2018 00:00,7.58,1.85,9.92,0.8
224,13-08-2018 00:00,14-08-2018 00:00,6.45,1.63,8.54,0.8
225,14-08-2018 00:00,15-08-2018 00:00,8.01,1.66,10.24,0.88
226,15-08-2018 00:00,16-08-2018 00:00,10.0,1.58,7.67,0.82
227,16-08-2018 00:00,17-08-2018 00:00,7.69,1.89,15.16,0.82
228,17-08-2018 00:00,18-08-2018 00:00,9.2,2.62,10.54,0.84
229,18-08-2018 00:00,19-08-2018 00:00,13.08,2.73,10.79,0.79
230,19-08-2018 00:00,20-08-2018 00:00,11.32,2.69,8.6,0.86
231,20-08-2018 00:00,21-08-2018 00:00,14.52,2.95,12.07,0.79
232,21-08-2018 00:00,22-08-2018 00:00,13.51,2.69,11.58,0.76
233,22-08-2018 00:00,23-08-2018 00:00,12.83,3.73,11.07,0.81
234,23-08-2018 00:00,24-08-2018 00:00,10.04,3.68,10.57,0.84
235,24-08-2018 00:00,25-08-2018 00:00,11.61,3.78,10.65,0.84
236,25-08-2018 00:00,26-08-2018 00:00,12.55,3.63,8.75,0.81
237,26-08-2018 00:00,27-08-2018 00:00,10.93,10.49,13.49,1.29
238,27-08-2018 00:00,28-08-2018 00:00,11.95,4.23,13.4,0.91
239,28-08-2018 00:00,29-08-2018 00:00,10.83,3.8,13.58,0.78
240,29-08-2018 00:00,30-08-2018 00:00,11.04,2.15,11.18,0.85
241,30-08-2018 00:00,31-08-2018 00:00,12.19,2.6,10.83,0.87
242,31-08-2018 00:00,01-09-2018 00:00,10.88,1.58,10.08,0.86
243,01-09-2018 00:00,02-09-2018 00:00,16.02,1.5,11.6,0.87
244,02-09-2018 00:00,03-09-2018 00:00,15.43,2.62,10.39,0.78
245,03-09-2018 00:00,04-09-2018 00:00,17.14,2.94,12.18,0.8
246,04-09-2018 00:00,05-09-2018 00:00,18.85,3.16,14.54,0.8
247,05-09-2018 00:00,06-09-2018 00:00,16.51,3.22,8.6,0.57
248,06-09-2018 00:00,07-09-2018 00:00,15.11,6.55,22.58,1.3
249,07-09-2018 00:00,08-09-2018 00:00,12.24,7.89,22.57,1.22
250,08-09-2018 00:00,09-09-2018 00:00,11.53,8.69,26.09,1.26
251,09-09-2018 00:00,10-09-2018 00:00,17.97,8.1,33.06,1.34
252,10-09-2018 00:00,11-09-2018 00:00,28.53,2.85,19.22,1.01
253,11-09-2018 00:00,12-09-2018 00:00,24.4,2.94,15.79,0.83
254,12-09-2018 00:00,13-09-2018 00:00,22.64,3.52,15.94,0.88
255,13-09-2018 00:00,14-09-2018 00:00,23.38,4.03,17.17,0.79
256,14-09-2018 00:00,15-09-2018 00:00,24.52,4.32,19.19,0.82
257,15-09-2018 00:00,16-09-2018 00:00,19.89,3.58,18.12,0.96
258,16-09-2018 00:00,17-09-2018 00:00,18.49,3.81,15.97,0.96
259,17-09-2018 00:00,18-09-2018 00:00,11.84,3.37,13.82,0.8
260,18-09-2018 00:00,19-09-2018 00:00,10.43,2.47,8.26,0.8
261,19-09-2018 00:00,20-09-2018 00:00,13.07,4.12,17.62,0.88
262,20-09-2018 00:00,21-09-2018 00:00,20.03,2.97,13.82,0.87
263,21-09-2018 00:00,22-09-2018 00:00,21.16,1.51,12.29,0.85
264,22-09-2018 00:00,23-09-2018 00:00,18.44,1.85,14.34,0.89
265,23-09-2018 00:00,24-09-2018 00:00,28.53,1.51,19.58,0.88
266,24-09-2018 00:00,25-09-2018 00:00,11.14,1.8,15.93,0.85
267,25-09-2018 00:00,26-09-2018 00:00,29.67,1.89,21.14,0.98
268,26-09-2018 00:00,27-09-2018 00:00,23.12,2.51,19.05,0.81
269,27-09-2018 00:00,28-09-2018 00:00,28.4,1.95,23.42,0.94
270,28-09-2018 00:00,29-09-2018 00:00,22.53,2.11,21.9,0.68
271,29-09-2018 00:00,30-09-2018 00:00,13.34,1.63,24.14,0.98
272,30-09-2018 00:00,01-10-2018 00:00,17.86,1.75,16.47,0.92
273,01-10-2018 00:00,02-10-2018 00:00,16.33,1.24,16.93,0.86
274,02-10-2018 00:00,03-10-2018 00:00,12.96,2.04,15.24,0.84
275,03-10-2018 00:00,04-10-2018 00:00,10.09,3.62,16.66,0.82
276,04-10-2018 00:00,05-10-2018 00:00,12.54,4.23,19.21,0.83
277,05-10-2018 00:00,06-10-2018 00:00,7.32,4.11,15.65,0.82
278,06-10-2018 00:00,07-10-2018 00:00,5.47,3.35,17.92,0.92
279,07-10-2018 00:00,08-10-2018 00:00,22.0,2.71,18.03,0.84
280,08-10-2018 00:00,09-10-2018 00:00,25.32,4.86,15.67,0.83
281,09-10-2018 00:00,10-10-2018 00:00,28.77,4.04,19.63,0.92
282,10-10-2018 00:00,11-10-2018 00:00,44.97,2.85,22.72,0.95
283,11-10-2018 00:00,12-10-2018 00:00,48.67,2.3,25.52,1.02
284,12-10-2018 00:00,13-10-2018 00:00,56.74,2.85,25.71,1.09
285,13-10-2018 00:00,14-10-2018 00:00,59.88,1.82,32.19,0.93
286,14-10-2018 00:00,15-10-2018 00:00,47.11,1.11,19.38,0.87
287,15-10-2018 00:00,16-10-2018 00:00,43.77,3.22,24.61,1.0
288,16-10-2018 00:00,17-10-2018 00:00,33.58,3.7,19.73,0.84
289,17-10-2018 00:00,18-10-2018 00:00,13.59,2.93,13.68,0.77
290,18-10-2018 00:00,19-10-2018 00:00,18.09,3.46,17.4,0.85
291,19-10-2018 00:00,20-10-2018 00:00,20.32,2.45,14.47,0.83
292,20-10-2018 00:00,21-10-2018 00:00,26.28,2.34,13.06,0.86
293,21-10-2018 00:00,22-10-2018 00:00,42.67,2.67,14.79,0.81
294,22-10-2018 00:00,23-10-2018 00:00,47.48,2.33,22.88,0.88
295,23-10-2018 00:00,24-10-2018 00:00,49.67,2.95,25.57,0.85
296,24-10-2018 00:00,25-10-2018 00:00,45.35,3.45,24.46,0.84
297,25-10-2018 00:00,26-10-2018 00:00,49.43,4.69,18.76,0.83
298,26-10-2018 00:00,27-10-2018 00:00,50.15,4.75,16.47,0.82
299,27-10-2018 00:00,28-10-2018 00:00,40.91,3.67,19.26,0.82
300,28-10-2018 00:00,29-10-2018 00:00,36.41,1.26,18.73,0.81
301,29-10-2018 00:00,30-10-2018 00:00,36.46,1.33,21.12,0.86
302,30-10-2018 00:00,31-10-2018 00:00,36.83,2.05,23.19,0.88
303,31-10-2018 00:00,01-11-2018 00:00,38.29,2.93,18.46,0.81
304,01-11-2018 00:00,02-11-2018 00:00,19.05,2.81,16.85,0.74
305,02-11-2018 00:00,03-11-2018 00:00,10.77,3.52,24.58,0.53
306,03-11-2018 00:00,04-11-2018 00:00,17.9,3.63,23.11,0.54
307,04-11-2018 00:00,05-11-2018 00:00,17.0,2.64,18.96,0.47
308,05-11-2018 00:00,06-11-2018 00:00,17.0,2.89,25.68,0.51
309,06-11-2018 00:00,07-11-2018 00:00,22.14,4.27,29.6,0.52
310,07-11-2018 00:00,08-11-2018 00:00,59.25,5.26,23.07,0.57
311,08-11-2018 00:00,09-11-2018 00:00,52.14,4.54,26.91,0.63
312,09-11-2018 00:00,10-11-2018 00:00,26.35,3.98,22.58,0.61
313,10-11-2018 00:00,11-11-2018 00:00,41.65,5.53,26.39,0.62
314,11-11-2018 00:00,12-11-2018 00:00,50.4,6.52,27.79,0.6
315,12-11-2018 00:00,13-11-2018 00:00,52.21,5.78,32.29,0.66
316,13-11-2018 00:00,14-11-2018 00:00,58.78,3.66,39.4,0.64
317,14-11-2018 00:00,15-11-2018 00:00,54.49,1.39,36.18,0.63
318,15-11-2018 00:00,16-11-2018 00:00,35.09,1.51,27.99,0.6
319,16-11-2018 00:00,17-11-2018 00:00,21.26,1.56,27.6,0.59
320,17-11-2018 00:00,18-11-2018 00:00,51.79,1.99,34.07,0.6
321,18-11-2018 00:00,19-11-2018 00:00,40.02,2.28,30.33,0.58
322,19-11-2018 00:00,20-11-2018 00:00,14.58,1.84,23.54,0.6
323,20-11-2018 00:00,21-11-2018 00:00,20.34,1.8,22.81,0.59
324,21-11-2018 00:00,22-11-2018 00:00,27.07,1.55,18.59,0.55
325,22-11-2018 00:00,23-11-2018 00:00,5.99,1.59,15.95,0.59
326,23-11-2018 00:00,24-11-2018 00:00,14.44,1.65,19.95,0.65
327,24-11-2018 00:00,25-11-2018 00:00,41.83,2.23,26.9,0.66
328,25-11-2018 00:00,26-11-2018 00:00,59.1,2.31,25.46,0.61
329,26-11-2018 00:00,27-11-2018 00:00,66.87,2.37,28.49,0.62
330,27-11-2018 00:00,28-11-2018 00:00,51.52,2.1,29.75,0.61
331,28-11-2018 00:00,29-11-2018 00:00,42.62,2.21,32.98,0.6
332,29-11-2018 00:00,30-11-2018 00:00,31.8,1.94,24.13,0.61
333,30-11-2018 00:00,01-12-2018 00:00,34.49,2.15,25.82,0.58
334,01-12-2018 00:00,02-12-2018 00:00,34.59,3.12,28.08,0.58
335,02-12-2018 00:00,03-12-2018 00:00,25.36,2.71,24.72,0.58
336,03-12-2018 00:00,04-12-2018 00:00,22.55,2.67,28.34,0.59
337,04-12-2018 00:00,05-12-2018 00:00,19.57,2.84,24.51,0.63
338,05-12-2018 00:00,06-12-2018 00:00,15.97,2.91,26.96,0.63
339,06-12-2018 00:00,07-12-2018 00:00,26.83,3.7,31.38,0.58
340,07-12-2018 00:00,08-12-2018 00:00,35.61,4.81,24.17,0.68
341,08-12-2018 00:00,09-12-2018 00:00,57.06,5.05,31.13,0.55
342,09-12-2018 00:00,10-12-2018 00:00,62.22,2.25,16.87,0.68
343,10-12-2018 00:00,11-12-2018 00:00,71.94,0.11,50.75,0.95
344,11-12-2018 00:00,12-12-2018 00:00,84.09,0.88,34.44,0.69
345,12-12-2018 00:00,13-12-2018 00:00,79.44,0.79,38.75,0.59
346,13-12-2018 00:00,14-12-2018 00:00,60.24,1.35,26.24,0.63
347,14-12-2018 00:00,15-12-2018 00:00,42.46,2.55,28.38,0.62
348,15-12-2018 00:00,16-12-2018 00:00,39.56,3.0,15.43,0.56
349,16-12-2018 00:00,17-12-2018 00:00,62.97,2.09,14.92,0.63
350,17-12-2018 00:00,18-12-2018 00:00,74.52,2.59,33.71,1.13
351,18-12-2018 00:00,19-12-2018 00:00,73.12,2.41,43.96,0.5
352,19-12-2018 00:00,20-12-2018 00:00,57.87,1.81,31.4,0.61
353,20-12-2018 00:00,21-12-2018 00:00,38.54,0.72,25.7,0.61
354,21-12-2018 00:00,22-12-2018 00:00,42.53,1.04,28.14,0.68
355,22-12-2018 00:00,23-12-2018 00:00,36.94,1.05,24.43,0.61
356,23-12-2018 00:00,24-12-2018 00:00,31.45,1.69,14.8,0.59
357,24-12-2018 00:00,25-12-2018 00:00,39.02,2.96,25.74,0.65
358,25-12-2018 00:00,26-12-2018 00:00,52.03,2.96,26.71,0.6
359,26-12-2018 00:00,27-12-2018 00:00,45.25,2.73,33.81,0.61
360,27-12-2018 00:00,28-12-2018 00:00,52.2,2.43,20.31,0.67
361,28-12-2018 00:00,29-12-2018 00:00,57.57,2.21,31.12,0.64
362,29-12-2018 00:00,30-12-2018 00:00,54.65,2.52,25.72,0.62
363,30-12-2018 00:00,31-12-2018 00:00,69.61,2.25,20.74,0.63
364,31-12-2018 00:00,01-01-2019 00:00,52.98,2.77,30.2,0.66
365,01-01-2019 00:00,02-01-2019 00:00,58.4,2.72,30.85,0.61
366,02-01-2019 00:00,03-01-2019 00:00,30.22,2.79,36.53,0.61
367,03-01-2019 00:00,04-01-2019 00:00,43.56,2.73,41.94,0.65
368,04-01-2019 00:00,05-01-2019 00:00,54.25,1.99,33.31,0.58
369,05-01-2019 00:00,06-01-2019 00:00,50.8,2.24,38.19,0.74
370,06-01-2019 00:00,07-01-2019 00:00,64.42,2.49,28.79,0.59
371,07-01-2019 00:00,08-01-2019 00:00,65.54,2.57,40.67,0.62
372,08-01-2019 00:00,09-01-2019 00:00,62.78,2.43,42.98,0.61
373,09-01-2019 00:00,10-01-2019 00:00,64.47,2.76,49.26,0.73
374,10-01-2019 00:00,11-01-2019 00:00,59.08,3.5,55.62,0.69
375,11-01-2019 00:00,12-01-2019 00:00,38.4,4.65,45.95,0.72
376,12-01-2019 00:00,13-01-2019 00:00,73.0,4.72,41.36,0.67
377,13-01-2019 00:00,14-01-2019 00:00,62.33,4.77,37.77,0.61
378,14-01-2019 00:00,15-01-2019 00:00,49.04,3.18,42.19,0.75
379,15-01-2019 00:00,16-01-2019 00:00,41.93,0.45,33.59,0.54
380,16-01-2019 00:00,17-01-2019 00:00,62.56,3.24,39.92,0.64
381,17-01-2019 00:00,18-01-2019 00:00,58.36,3.97,38.72,0.63
382,18-01-2019 00:00,19-01-2019 00:00,68.77,3.96,35.13,0.64
383,19-01-2019 00:00,20-01-2019 00:00,53.24,1.9,36.96,0.65
384,20-01-2019 00:00,21-01-2019 00:00,41.22,2.09,35.94,0.58
385,21-01-2019 00:00,22-01-2019 00:00,50.66,3.51,42.52,0.56
386,22-01-2019 00:00,23-01-2019 00:00,70.54,4.38,43.31,0.93
387,23-01-2019 00:00,24-01-2019 00:00,58.67,5.76,41.91,0.72
388,24-01-2019 00:00,25-01-2019 00:00,51.02,5.65,27.52,0.6
389,25-01-2019 00:00,26-01-2019 00:00,38.81,3.01,40.44,0.73
390,26-01-2019 00:00,27-01-2019 00:00,54.73,2.46,30.84,0.69
391,27-01-2019 00:00,28-01-2019 00:00,41.93,0.27,25.63,0.61
392,28-01-2019 00:00,29-01-2019 00:00,31.86,1.25,20.19,0.57
393,29-01-2019 00:00,30-01-2019 00:00,28.69,4.29,23.77,0.59
394,30-01-2019 00:00,31-01-2019 00:00,52.84,5.24,38.02,0.62
395,31-01-2019 00:00,01-02-2019 00:00,49.04,5.75,32.77,0.56
396,01-02-2019 00:00,02-02-2019 00:00,55.59,5.82,41.77,0.56
397,02-02-2019 00:00,03-02-2019 00:00,44.7,5.19,31.77,0.61
398,03-02-2019 00:00,04-02-2019 00:00,39.64,4.66,26.6,0.6
399,04-02-2019 00:00,05-02-2019 00:00,30.83,4.69,25.31,0.6
400,05-02-2019 00:00,06-02-2019 00:00,37.59,6.28,27.13,0.63
401,06-02-2019 00:00,07-02-2019 00:00,49.44,7.01,33.05,0.65
402,07-02-2019 00:00,08-02-2019 00:00,49.29,7.37,39.62,0.66
403,08-02-2019 00:00,09-02-2019 00:00,51.31,7.5,28.81,0.62
404,09-02-2019 00:00,10-02-2019 00:00,69.35,8.26,38.14,0.7
405,10-02-2019 00:00,11-02-2019 00:00,46.24,7.48,27.96,0.66
406,11-02-2019 00:00,12-02-2019 00:00,40.27,1.12,30.02,0.58
407,12-02-2019 00:00,13-02-2019 00:00,46.76,1.01,25.92,0.61
408,13-02-2019 00:00,14-02-2019 00:00,45.4,7.85,28.77,0.61
409,14-02-2019 00:00,15-02-2019 00:00,33.69,8.38,31.4,0.61
410,15-02-2019 00:00,16-02-2019 00:00,29.97,5.7,48.78,0.43
411,16-02-2019 00:00,17-02-2019 00:00,38.31,4.26,36.41,0.54
412,17-02-2019 00:00,18-02-2019 00:00,37.78,3.45,26.37,0.42
413,18-02-2019 00:00,19-02-2019 00:00,30.91,2.76,39.6,0.85
414,19-02-2019 00:00,20-02-2019 00:00,35.96,5.24,35.47,0.56
415,20-02-2019 00:00,21-02-2019 00:00,24.95,3.97,28.06,0.58
416,21-02-2019 00:00,22-02-2019 00:00,30.1,3.86,28.44,0.64
417,22-02-2019 00:00,23-02-2019 00:00,31.67,3.88,31.75,0.59
418,23-02-2019 00:00,24-02-2019 00:00,44.09,5.14,39.85,0.61
419,24-02-2019 00:00,25-02-2019 00:00,33.47,5.61,41.03,0.44
420,25-02-2019 00:00,26-02-2019 00:00,32.15,1.33,43.43,0.69
421,26-02-2019 00:00,27-02-2019 00:00,40.26,2.21,30.15,0.67
422,27-02-2019 00:00,28-02-2019 00:00,41.07,2.63,29.75,0.66
423,28-02-2019 00:00,01-03-2019 00:00,40.63,3.9,28.12,0.61
424,01-03-2019 00:00,02-03-2019 00:00,48.0,4.83,40.46,0.62
425,02-03-2019 00:00,03-03-2019 00:00,33.66,5.73,20.14,0.6
426,03-03-2019 00:00,04-03-2019 00:00,33.56,6.75,22.7,0.66
427,04-03-2019 00:00,05-03-2019 00:00,39.89,7.73,20.8,0.49
428,05-03-2019 00:00,06-03-2019 00:00,41.94,0.56,2.02,1.18
429,06-03-2019 00:00,07-03-2019 00:00,41.62,1.91,4.31,0.52
430,07-03-2019 00:00,08-03-2019 00:00,51.42,4.37,10.12,0.8
431,08-03-2019 00:00,09-03-2019 00:00,46.29,7.22,10.04,0.55
432,09-03-2019 00:00,10-03-2019 00:00,43.91,10.85,9.95,0.6
433,10-03-2019 00:00,11-03-2019 00:00,36.97,3.9,10.22,0.61
434,11-03-2019 00:00,12-03-2019 00:00,30.56,4.14,9.95,0.61
435,12-03-2019 00:00,13-03-2019 00:00,41.06,4.45,10.14,0.59
436,13-03-2019 00:00,14-03-2019 00:00,44.52,2.84,9.8,0.55
437,14-03-2019 00:00,15-03-2019 00:00,40.85,2.16,9.67,0.62
438,15-03-2019 00:00,16-03-2019 00:00,39.58,1.68,10.45,0.52
439,16-03-2019 00:00,17-03-2019 00:00,38.88,3.45,10.18,0.66
440,17-03-2019 00:00,18-03-2019 00:00,41.17,4.17,10.18,0.59
441,18-03-2019 00:00,19-03-2019 00:00,39.51,4.45,10.37,0.62
442,19-03-2019 00:00,20-03-2019 00:00,33.29,4.78,10.16,0.62
443,20-03-2019 00:00,21-03-2019 00:00,33.58,1.84,10.81,0.61
444,21-03-2019 00:00,22-03-2019 00:00,54.34,3.5,10.04,0.65
445,22-03-2019 00:00,23-03-2019 00:00,47.04,4.25,10.09,0.71
446,23-03-2019 00:00,24-03-2019 00:00,40.99,9.0,12.38,0.56
447,24-03-2019 00:00,25-03-2019 00:00,36.77,24.41,14.32,0.42
448,25-03-2019 00:00,26-03-2019 00:00,42.56,20.58,14.04,0.53
449,26-03-2019 00:00,27-03-2019 00:00,40.83,6.98,47.35,1.36
450,27-03-2019 00:00,28-03-2019 00:00,41.22,6.49,50.39,1.43
451,28-03-2019 00:00,29-03-2019 00:00,44.48,7.32,58.33,1.39
452,29-03-2019 00:00,30-03-2019 00:00,44.77,2.54,8.65,0.94
453,30-03-2019 00:00,31-03-2019 00:00,45.33,2.76,8.97,0.54
454,31-03-2019 00:00,01-04-2019 00:00,43.11,2.22,20.3,0.78
455,01-04-2019 00:00,02-04-2019 00:00,40.87,2.55,21.33,0.76
456,02-04-2019 00:00,03-04-2019 00:00,41.76,0.24,7.18,0.46
457,03-04-2019 00:00,04-04-2019 00:00,41.52,8.47,68.62,1.42
458,04-04-2019 00:00,05-04-2019 00:00,33.11,7.1,52.05,1.41
459,05-04-2019 00:00,06-04-2019 00:00,36.0,7.01,57.7,1.38
460,06-04-2019 00:00,07-04-2019 00:00,40.66,6.95,49.65,1.35
461,07-04-2019 00:00,08-04-2019 00:00,39.99,7.21,46.9,1.33
462,08-04-2019 00:00,09-04-2019 00:00,32.25,7.04,42.41,1.33
463,09-04-2019 00:00,10-04-2019 00:00,33.85,8.12,44.57,1.34
464,10-04-2019 00:00,11-04-2019 00:00,41.24,0.37,10.89,1.17
465,11-04-2019 00:00,12-04-2019 00:00,40.6,4.96,10.16,0.64
466,12-04-2019 00:00,13-04-2019 00:00,35.23,8.18,10.03,0.54
467,13-04-2019 00:00,14-04-2019 00:00,34.85,15.14,10.22,0.59
468,14-04-2019 00:00,15-04-2019 00:00,31.38,15.74,9.97,0.55
469,15-04-2019 00:00,16-04-2019 00:00,32.28,16.02,9.94,0.58
470,16-04-2019 00:00,17-04-2019 00:00,27.03,9.97,10.1,0.55
471,17-04-2019 00:00,18-04-2019 00:00,31.74,2.6,9.49,0.49
472,18-04-2019 00:00,19-04-2019 00:00,24.78,0.37,16.31,0.7
473,19-04-2019 00:00,20-04-2019 00:00,22.82,5.31,9.98,0.57
474,20-04-2019 00:00,21-04-2019 00:00,21.57,6.57,39.03,1.73
475,21-04-2019 00:00,22-04-2019 00:00,20.45,6.65,36.99,1.71
476,22-04-2019 00:00,23-04-2019 00:00,29.08,2.38,9.68,0.67
477,23-04-2019 00:00,24-04-2019 00:00,26.61,3.88,10.0,0.67
478,24-04-2019 00:00,25-04-2019 00:00,29.36,3.75,9.92,0.55
479,25-04-2019 00:00,26-04-2019 00:00,41.22,3.16,9.17,0.58
480,26-04-2019 00:00,27-04-2019 00:00,40.95,1.5,9.74,0.54
481,27-04-2019 00:00,28-04-2019 00:00,43.74,6.48,9.4,0.6
482,28-04-2019 00:00,29-04-2019 00:00,43.78,3.96,9.54,0.74
483,29-04-2019 00:00,30-04-2019 00:00,40.26,2.3,9.61,0.63
484,30-04-2019 00:00,01-05-2019 00:00,32.17,2.58,9.3,0.58
485,01-05-2019 00:00,02-05-2019 00:00,25.87,4.37,9.83,0.57
486,02-05-2019 00:00,03-05-2019 00:00,30.42,4.28,9.93,0.56
487,03-05-2019 00:00,04-05-2019 00:00,29.69,4.22,9.76,0.55
488,04-05-2019 00:00,05-05-2019 00:00,36.97,3.41,10.43,0.63
489,05-05-2019 00:00,06-05-2019 00:00,35.95,3.04,9.9,0.58
490,06-05-2019 00:00,07-05-2019 00:00,37.41,1.47,9.8,0.58
491,07-05-2019 00:00,08-05-2019 00:00,26.31,2.71,9.17,0.54
492,08-05-2019 00:00,09-05-2019 00:00,18.55,2.36,9.61,0.58
493,09-05-2019 00:00,10-05-2019 00:00,30.95,1.16,10.38,0.84
494,10-05-2019 00:00,11-05-2019 00:00,27.64,3.22,10.15,0.54
495,11-05-2019 00:00,12-05-2019 00:00,28.5,1.19,9.72,0.63
496,12-05-2019 00:00,13-05-2019 00:00,30.28,0.08,9.88,0.72
497,13-05-2019 00:00,14-05-2019 00:00,22.59,1.95,9.65,0.52
498,14-05-2019 00:00,15-05-2019 00:00,26.08,5.04,9.95,0.68
499,15-05-2019 00:00,16-05-2019 00:00,27.66,2.09,10.08,0.56
500,16-05-2019 00:00,17-05-2019 00:00,37.03,4.61,9.76,0.83
501,17-05-2019 00:00,18-05-2019 00:00,32.49,2.92,10.14,0.67
502,18-05-2019 00:00,19-05-2019 00:00,48.69,0.88,9.74,0.77
503,19-05-2019 00:00,20-05-2019 00:00,42.61,3.4,10.56,0.72
504,20-05-2019 00:00,21-05-2019 00:00,43.56,4.75,10.25,0.68
505,21-05-2019 00:00,22-05-2019 00:00,39.93,4.62,9.74,0.45
506,22-05-2019 00:00,23-05-2019 00:00,39.1,7.73,9.95,0.54
507,23-05-2019 00:00,24-05-2019 00:00,38.07,0.53,9.51,0.57
508,24-05-2019 00:00,25-05-2019 00:00,30.46,9.53,9.58,0.58
509,25-05-2019 00:00,26-05-2019 00:00,20.51,21.54,9.79,0.53
510,26-05-2019 00:00,27-05-2019 00:00,15.24,3.6,11.23,0.49
511,27-05-2019 00:00,28-05-2019 00:00,21.57,2.31,10.63,0.82
512,28-05-2019 00:00,29-05-2019 00:00,30.58,5.84,9.5,0.52
513,29-05-2019 00:00,30-05-2019 00:00,22.19,5.03,8.86,0.55
514,30-05-2019 00:00,31-05-2019 00:00,27.6,3.43,9.1,0.57
515,31-05-2019 00:00,01-06-2019 00:00,25.12,3.37,8.83,0.54
516,01-06-2019 00:00,02-06-2019 00:00,21.17,5.28,8.74,0.72
517,02-06-2019 00:00,03-06-2019 00:00,21.78,5.43,9.16,0.55
518,03-06-2019 00:00,04-06-2019 00:00,14.58,5.36,8.95,0.59
519,04-06-2019 00:00,05-06-2019 00:00,23.0,5.41,21.97,0.52
520,05-06-2019 00:00,06-06-2019 00:00,21.57,5.21,26.18,0.44
521,06-06-2019 00:00,07-06-2019 00:00,19.38,2.87,30.9,0.48
522,07-06-2019 00:00,08-06-2019 00:00,20.56,7.7,23.39,0.47
523,08-06-2019 00:00,09-06-2019 00:00,22.85,7.59,11.1,0.47
524,09-06-2019 00:00,10-06-2019 00:00,13.55,2.9,11.24,0.44
525,10-06-2019 00:00,11-06-2019 00:00,5.4,0.29,10.88,0.45
526,11-06-2019 00:00,12-06-2019 00:00,5.5,2.34,10.72,0.44
527,12-06-2019 00:00,13-06-2019 00:00,6.78,5.15,10.69,0.45
528,13-06-2019 00:00,14-06-2019 00:00,7.54,3.9,10.59,0.35
529,14-06-2019 00:00,15-06-2019 00:00,10.75,2.38,10.84,0.09
530,15-06-2019 00:00,16-06-2019 00:00,12.66,2.18,10.63,0.08
531,16-06-2019 00:00,17-06-2019 00:00,14.14,13.52,32.45,1.24
532,17-06-2019 00:00,18-06-2019 00:00,17.58,12.01,41.76,1.62
533,18-06-2019 00:00,19-06-2019 00:00,17.64,11.75,33.01,1.3
534,19-06-2019 00:00,20-06-2019 00:00,16.18,7.94,19.89,0.39
535,20-06-2019 00:00,21-06-2019 00:00,11.7,9.52,9.78,0.34
536,21-06-2019 00:00,22-06-2019 00:00,15.48,12.06,17.32,0.35
537,22-06-2019 00:00,23-06-2019 00:00,6.2,7.33,13.69,0.39
538,23-06-2019 00:00,24-06-2019 00:00,6.77,1.0,13.75,0.37
539,24-06-2019 00:00,25-06-2019 00:00,11.04,1.19,16.3,0.37
540,25-06-2019 00:00,26-06-2019 00:00,20.84,1.05,16.99,0.34
541,26-06-2019 00:00,27-06-2019 00:00,17.06,1.22,16.49,0.36
542,27-06-2019 00:00,28-06-2019 00:00,18.24,1.21,15.32,0.37
543,28-06-2019 00:00,29-06-2019 00:00,20.66,1.04,15.79,0.37
544,29-06-2019 00:00,30-06-2019 00:00,16.87,0.92,15.21,0.41
545,30-06-2019 00:00,01-07-2019 00:00,15.21,5.33,14.66,0.35
546,01-07-2019 00:00,02-07-2019 00:00,16.18,2.58,15.42,0.36
547,02-07-2019 00:00,03-07-2019 00:00,13.79,2.42,14.84,0.36
548,03-07-2019 00:00,04-07-2019 00:00,11.61,3.66,15.34,0.36
549,04-07-2019 00:00,05-07-2019 00:00,10.4,3.82,16.69,0.32
550,05-07-2019 00:00,06-07-2019 00:00,12.9,4.51,18.5,0.33
551,06-07-2019 00:00,07-07-2019 00:00,10.43,5.04,19.31,0.32
552,07-07-2019 00:00,08-07-2019 00:00,12.08,4.11,15.98,0.38
553,08-07-2019 00:00,09-07-2019 00:00,10.11,4.45,15.6,0.34
554,09-07-2019 00:00,10-07-2019 00:00,8.77,4.19,17.25,0.32
555,10-07-2019 00:00,11-07-2019 00:00,9.03,3.46,18.58,0.31
556,11-07-2019 00:00,12-07-2019 00:00,12.58,9.06,19.25,0.34
557,12-07-2019 00:00,13-07-2019 00:00,11.12,8.21,12.7,0.34
558,13-07-2019 00:00,14-07-2019 00:00,11.28,9.91,12.91,0.34
559,14-07-2019 00:00,15-07-2019 00:00,9.49,23.87,11.88,0.31
560,15-07-2019 00:00,16-07-2019 00:00,9.69,3.46,12.8,0.33
561,16-07-2019 00:00,17-07-2019 00:00,15.25,4.61,12.9,0.33
562,17-07-2019 00:00,18-07-2019 00:00,17.57,3.27,13.79,0.33
563,18-07-2019 00:00,19-07-2019 00:00,19.04,4.73,14.07,0.34
564,19-07-2019 00:00,20-07-2019 00:00,8.43,4.39,14.18,0.33
565,20-07-2019 00:00,21-07-2019 00:00,6.79,24.5,12.39,0.35
566,21-07-2019 00:00,22-07-2019 00:00,6.07,56.63,15.73,0.31
567,22-07-2019 00:00,23-07-2019 00:00,8.78,56.39,15.02,0.31
568,23-07-2019 00:00,24-07-2019 00:00,11.56,3.24,13.49,0.34
569,24-07-2019 00:00,25-07-2019 00:00,12.85,2.67,14.16,0.38
570,25-07-2019 00:00,26-07-2019 00:00,13.76,3.12,18.02,0.36
571,26-07-2019 00:00,27-07-2019 00:00,11.4,2.49,16.18,0.3
572,27-07-2019 00:00,28-07-2019 00:00,14.19,3.38,16.12,0.28
573,28-07-2019 00:00,29-07-2019 00:00,15.27,2.7,15.71,0.33
574,29-07-2019 00:00,30-07-2019 00:00,13.46,2.24,16.67,0.32
575,30-07-2019 00:00,31-07-2019 00:00,12.26,2.32,17.55,0.34
576,31-07-2019 00:00,01-08-2019 00:00,12.55,2.82,17.49,0.4
577,01-08-2019 00:00,02-08-2019 00:00,12.97,2.84,13.84,0.34
578,02-08-2019 00:00,03-08-2019 00:00,16.0,2.85,13.99,0.37
579,03-08-2019 00:00,04-08-2019 00:00,9.2,2.36,12.79,0.34
580,04-08-2019 00:00,05-08-2019 00:00,8.51,2.27,11.99,0.35
581,05-08-2019 00:00,06-08-2019 00:00,5.64,2.62,12.77,0.33
582,06-08-2019 00:00,07-08-2019 00:00,4.94,2.67,13.01,0.36
583,07-08-2019 00:00,08-08-2019 00:00,4.65,2.55,13.19,0.35
584,08-08-2019 00:00,09-08-2019 00:00,5.06,2.77,10.82,0.34
585,09-08-2019 00:00,10-08-2019 00:00,10.4,3.01,8.1,0.37
586,10-08-2019 00:00,11-08-2019 00:00,6.03,2.93,7.39,0.36
587,11-08-2019 00:00,12-08-2019 00:00,5.99,3.23,7.3,0.35
588,12-08-2019 00:00,13-08-2019 00:00,10.08,3.58,7.51,0.37
589,13-08-2019 00:00,14-08-2019 00:00,9.5,2.55,7.95,0.35
590,14-08-2019 00:00,15-08-2019 00:00,11.95,2.59,10.39,0.35
591,15-08-2019 00:00,16-08-2019 00:00,10.43,2.72,7.63,0.32
592,16-08-2019 00:00,17-08-2019 00:00,8.67,2.58,9.11,0.35
593,17-08-2019 00:00,18-08-2019 00:00,13.02,2.46,13.04,0.34
594,18-08-2019 00:00,19-08-2019 00:00,14.9,2.88,10.62,0.38
595,19-08-2019 00:00,20-08-2019 00:00,30.63,3.47,11.42,0.34
596,20-08-2019 00:00,21-08-2019 00:00,12.59,3.46,10.06,0.38
597,21-08-2019 00:00,22-08-2019 00:00,10.71,2.82,6.25,0.3
598,22-08-2019 00:00,23-08-2019 00:00,9.09,0.68,5.95,0.06
599,23-08-2019 00:00,24-08-2019 00:00,8.18,0.65,6.53,0.21
600,24-08-2019 00:00,25-08-2019 00:00,6.67,3.19,6.21,0.39
601,25-08-2019 00:00,26-08-2019 00:00,9.7,7.09,32.0,1.52
602,26-08-2019 00:00,27-08-2019 00:00,8.65,4.43,14.18,0.31
603,27-08-2019 00:00,28-08-2019 00:00,5.36,2.01,7.66,0.36
604,28-08-2019 00:00,29-08-2019 00:00,8.19,2.56,7.18,0.39
605,29-08-2019 00:00,30-08-2019 00:00,7.8,3.3,6.03,0.37
606,30-08-2019 00:00,31-08-2019 00:00,7.99,3.62,6.5,0.35
607,31-08-2019 00:00,01-09-2019 00:00,11.93,2.59,5.66,0.36
608,01-09-2019 00:00,02-09-2019 00:00,7.72,2.87,5.82,0.37
609,02-09-2019 00:00,03-09-2019 00:00,7.09,3.59,5.81,0.35
610,03-09-2019 00:00,04-09-2019 00:00,4.67,4.94,5.88,0.36
611,04-09-2019 00:00,05-09-2019 00:00,6.17,4.78,5.93,0.36
612,05-09-2019 00:00,06-09-2019 00:00,5.54,2.14,6.12,0.41
613,06-09-2019 00:00,07-09-2019 00:00,4.98,3.13,6.77,0.36
614,07-09-2019 00:00,08-09-2019 00:00,4.05,10.11,7.79,0.3
615,08-09-2019 00:00,09-09-2019 00:00,4.88,8.65,6.17,0.36
616,09-09-2019 00:00,10-09-2019 00:00,6.73,6.77,5.37,0.37
617,10-09-2019 00:00,11-09-2019 00:00,8.67,7.26,5.61,0.36
618,11-09-2019 00:00,12-09-2019 00:00,8.65,2.71,5.99,0.42
619,12-09-2019 00:00,13-09-2019 00:00,10.1,3.85,5.8,0.36
620,13-09-2019 00:00,14-09-2019 00:00,10.62,2.58,5.71,0.35
621,14-09-2019 00:00,15-09-2019 00:00,9.75,2.16,5.41,0.34
622,15-09-2019 00:00,16-09-2019 00:00,11.0,2.85,5.51,0.39
623,16-09-2019 00:00,17-09-2019 00:00,8.48,2.94,5.13,0.39
624,17-09-2019 00:00,18-09-2019 00:00,8.23,2.73,6.36,0.36
625,18-09-2019 00:00,19-09-2019 00:00,8.3,2.18,6.11,0.36
626,19-09-2019 00:00,20-09-2019 00:00,12.91,2.08,6.12,0.35
627,20-09-2019 00:00,21-09-2019 00:00,8.45,2.08,5.88,0.34
628,21-09-2019 00:00,22-09-2019 00:00,10.53,7.34,46.09,1.56
629,22-09-2019 00:00,23-09-2019 00:00,10.31,7.56,56.55,1.54
630,23-09-2019 00:00,24-09-2019 00:00,15.7,7.09,69.04,1.48
631,24-09-2019 00:00,25-09-2019 00:00,7.74,6.78,49.01,1.63
632,25-09-2019 00:00,26-09-2019 00:00,6.84,6.0,81.72,1.0
633,26-09-2019 00:00,27-09-2019 00:00,9.34,1.88,6.12,0.38
634,27-09-2019 00:00,28-09-2019 00:00,21.87,2.43,10.64,0.42
635,28-09-2019 00:00,29-09-2019 00:00,17.38,3.31,10.74,0.39
636,29-09-2019 00:00,30-09-2019 00:00,31.6,4.92,13.79,0.34
637,30-09-2019 00:00,01-10-2019 00:00,14.86,4.15,12.92,0.38
638,01-10-2019 00:00,02-10-2019 00:00,18.58,2.39,10.44,0.37
639,02-10-2019 00:00,03-10-2019 00:00,7.56,14.52,11.04,0.36
640,03-10-2019 00:00,04-10-2019 00:00,18.04,9.8,11.9,0.37
641,04-10-2019 00:00,05-10-2019 00:00,22.08,3.21,11.35,0.43
642,05-10-2019 00:00,06-10-2019 00:00,42.96,4.71,15.99,0.36
643,06-10-2019 00:00,07-10-2019 00:00,32.34,1.16,16.25,0.32
644,07-10-2019 00:00,08-10-2019 00:00,42.15,1.44,16.14,0.33
645,08-10-2019 00:00,09-10-2019 00:00,21.36,4.75,14.78,0.34
646,09-10-2019 00:00,10-10-2019 00:00,36.12,10.84,16.63,0.34
647,10-10-2019 00:00,11-10-2019 00:00,43.82,5.88,11.89,0.38
648,11-10-2019 00:00,12-10-2019 00:00,50.04,2.33,6.61,0.38
649,12-10-2019 00:00,13-10-2019 00:00,43.61,3.41,41.45,1.2
650,13-10-2019 00:00,14-10-2019 00:00,17.0,3.33,28.31,1.17
651,14-10-2019 00:00,15-10-2019 00:00,19.88,3.79,6.94,0.39
652,15-10-2019 00:00,16-10-2019 00:00,23.86,5.16,6.89,0.36
653,16-10-2019 00:00,17-10-2019 00:00,19.71,2.59,6.84,0.36
654,17-10-2019 00:00,18-10-2019 00:00,9.4,2.14,7.04,0.39
655,18-10-2019 00:00,19-10-2019 00:00,11.46,1.54,7.15,0.36
656,19-10-2019 00:00,20-10-2019 00:00,6.66,2.29,7.28,0.36
657,20-10-2019 00:00,21-10-2019 00:00,7.82,7.42,6.92,0.38
658,21-10-2019 00:00,22-10-2019 00:00,8.44,7.66,7.08,0.34
659,22-10-2019 00:00,23-10-2019 00:00,6.09,3.54,6.93,0.33
660,23-10-2019 00:00,24-10-2019 00:00,5.04,1.75,6.87,0.36
661,24-10-2019 00:00,25-10-2019 00:00,4.04,2.77,6.43,0.37
662,25-10-2019 00:00,26-10-2019 00:00,3.61,2.97,7.03,0.33
663,26-10-2019 00:00,27-10-2019 00:00,10.3,2.28,7.55,0.35
664,27-10-2019 00:00,28-10-2019 00:00,26.09,3.2,9.0,0.47
665,28-10-2019 00:00,29-10-2019 00:00,59.61,5.43,11.99,0.65
666,29-10-2019 00:00,30-10-2019 00:00,33.66,8.49,14.77,0.88
667,30-10-2019 00:00,31-10-2019 00:00,12.62,7.04,15.22,0.89
668,31-10-2019 00:00,01-11-2019 00:00,18.29,3.88,15.34,0.9
669,01-11-2019 00:00,02-11-2019 00:00,25.16,6.44,15.13,0.94
670,02-11-2019 00:00,03-11-2019 00:00,25.95,7.89,15.91,0.89
671,03-11-2019 00:00,04-11-2019 00:00,35.73,4.68,16.35,0.87
672,04-11-2019 00:00,05-11-2019 00:00,56.22,3.52,16.91,0.94
673,05-11-2019 00:00,06-11-2019 00:00,57.19,2.55,14.13,0.91
674,06-11-2019 00:00,07-11-2019 00:00,67.46,1.83,7.94,0.95
675,07-11-2019 00:00,08-11-2019 00:00,68.55,5.49,8.14,0.94
676,08-11-2019 00:00,09-11-2019 00:00,67.4,10.68,7.66,0.87
677,09-11-2019 00:00,10-11-2019 00:00,47.19,9.3,72.0,1.49
678,10-11-2019 00:00,11-11-2019 00:00,59.44,10.07,18.74,1.06
679,11-11-2019 00:00,12-11-2019 00:00,70.6,0.05,7.79,1.03
680,12-11-2019 00:00,13-11-2019 00:00,24.14,2.97,6.77,0.94
681,13-11-2019 00:00,14-11-2019 00:00,27.96,5.74,10.02,0.95
682,14-11-2019 00:00,15-11-2019 00:00,15.88,1.97,9.71,0.89
683,15-11-2019 00:00,16-11-2019 00:00,20.17,1.72,9.29,0.89
684,16-11-2019 00:00,17-11-2019 00:00,14.23,2.95,9.33,0.9
685,17-11-2019 00:00,18-11-2019 00:00,27.41,6.61,8.8,0.89
686,18-11-2019 00:00,19-11-2019 00:00,22.3,7.3,10.27,0.88
687,19-11-2019 00:00,20-11-2019 00:00,12.8,2.49,10.23,0.89
688,20-11-2019 00:00,21-11-2019 00:00,12.99,8.6,8.79,0.85
689,21-11-2019 00:00,22-11-2019 00:00,41.14,3.63,9.67,0.93
690,22-11-2019 00:00,23-11-2019 00:00,36.69,3.28,9.29,0.88
691,23-11-2019 00:00,24-11-2019 00:00,30.48,1.81,8.42,0.88
692,24-11-2019 00:00,25-11-2019 00:00,42.69,2.15,8.6,0.89
693,25-11-2019 00:00,26-11-2019 00:00,38.02,1.54,9.92,0.89
694,26-11-2019 00:00,27-11-2019 00:00,34.74,1.96,9.7,0.88
695,27-11-2019 00:00,28-11-2019 00:00,31.94,4.79,10.18,0.86
696,28-11-2019 00:00,29-11-2019 00:00,16.17,11.02,10.1,0.85
697,29-11-2019 00:00,30-11-2019 00:00,12.75,1.76,8.83,0.9
698,30-11-2019 00:00,01-12-2019 00:00,12.13,3.43,11.14,0.94
699,01-12-2019 00:00,02-12-2019 00:00,4.58,8.88,10.74,0.91
700,02-12-2019 00:00,03-12-2019 00:00,6.11,2.42,15.2,0.95
701,03-12-2019 00:00,04-12-2019 00:00,22.46,1.92,14.1,1.28
702,04-12-2019 00:00,05-12-2019 00:00,32.0,2.01,13.24,0.88
703,05-12-2019 00:00,06-12-2019 00:00,53.23,3.85,13.45,0.89
704,06-12-2019 00:00,07-12-2019 00:00,57.37,3.03,13.1,0.88
705,07-12-2019 00:00,08-12-2019 00:00,34.3,3.25,14.13,0.88
706,08-12-2019 00:00,09-12-2019 00:00,19.84,3.64,13.64,0.87
707,09-12-2019 00:00,10-12-2019 00:00,14.82,6.53,14.73,0.86
708,10-12-2019 00:00,11-12-2019 00:00,14.52,10.0,14.52,0.85
709,11-12-2019 00:00,12-12-2019 00:00,23.21,2.2,14.93,0.9
710,12-12-2019 00:00,13-12-2019 00:00,23.1,1.77,14.62,0.88
711,13-12-2019 00:00,14-12-2019 00:00,26.89,2.58,14.04,0.88
712,14-12-2019 00:00,15-12-2019 00:00,15.78,3.96,12.73,0.88
713,15-12-2019 00:00,16-12-2019 00:00,23.48,3.47,13.41,0.9
714,16-12-2019 00:00,17-12-2019 00:00,16.46,2.77,13.1,0.88
715,17-12-2019 00:00,18-12-2019 00:00,22.11,3.34,12.61,0.88
716,18-12-2019 00:00,19-12-2019 00:00,38.34,3.35,12.92,0.91
717,19-12-2019 00:00,20-12-2019 00:00,30.57,6.02,13.21,0.9
718,20-12-2019 00:00,21-12-2019 00:00,41.4,4.03,14.65,0.93
719,21-12-2019 00:00,22-12-2019 00:00,46.24,1.39,14.44,0.88
720,22-12-2019 00:00,23-12-2019 00:00,45.8,2.44,10.63,0.9
721,23-12-2019 00:00,24-12-2019 00:00,45.27,3.26,10.56,0.93
722,24-12-2019 00:00,25-12-2019 00:00,31.91,2.64,11.8,0.95
723,25-12-2019 00:00,26-12-2019 00:00,34.24,3.23,11.95,0.87
724,26-12-2019 00:00,27-12-2019 00:00,43.27,4.08,15.16,0.9
725,27-12-2019 00:00,28-12-2019 00:00,41.55,6.31,15.04,0.89
726,28-12-2019 00:00,29-12-2019 00:00,30.37,6.09,14.56,0.85
727,29-12-2019 00:00,30-12-2019 00:00,35.28,9.57,10.77,0.89
728,30-12-2019 00:00,31-12-2019 00:00,36.49,4.79,9.44,0.88
729,31-12-2019 00:00,01-01-2020 00:00,39.66,13.32,12.26,0.78
730,01-01-2020 00:00,02-01-2020 00:00,26.72,14.42,10.69,0.79
731,02-01-2020 00:00,03-01-2020 00:00,18.77,6.82,7.72,0.96
732,03-01-2020 00:00,04-01-2020 00:00,28.12,6.58,7.82,0.88
733,04-01-2020 00:00,05-01-2020 00:00,57.06,4.3,7.48,0.98
734,05-01-2020 00:00,06-01-2020 00:00,58.07,3.42,9.1,0.9
735,06-01-2020 00:00,07-01-2020 00:00,19.42,3.68,9.16,0.91
736,07-01-2020 00:00,08-01-2020 00:00,15.39,4.69,10.68,0.89
737,08-01-2020 00:00,09-01-2020 00:00,29.6,2.64,12.36,0.93
738,09-01-2020 00:00,10-01-2020 00:00,37.49,2.05,8.97,0.89
739,10-01-2020 00:00,11-01-2020 00:00,35.91,1.88,8.39,0.78
740,11-01-2020 00:00,12-01-2020 00:00,27.12,5.23,9.33,0.84
741,12-01-2020 00:00,13-01-2020 00:00,39.85,7.11,8.8,0.87
742,13-01-2020 00:00,14-01-2020 00:00,55.59,4.38,9.93,0.95
743,14-01-2020 00:00,15-01-2020 00:00,61.67,2.67,11.07,0.91
744,15-01-2020 00:00,16-01-2020 00:00,43.82,2.28,11.69,0.9
745,16-01-2020 00:00,17-01-2020 00:00,40.85,2.2,11.36,0.93
746,17-01-2020 00:00,18-01-2020 00:00,33.98,2.67,11.26,0.91
747,18-01-2020 00:00,19-01-2020 00:00,21.62,1.27,10.88,0.88
748,19-01-2020 00:00,20-01-2020 00:00,16.24,2.03,15.23,0.86
749,20-01-2020 00:00,21-01-2020 00:00,30.48,2.06,11.4,0.87
750,21-01-2020 00:00,22-01-2020 00:00,28.45,4.5,10.29,0.88
751,22-01-2020 00:00,23-01-2020 00:00,27.19,2.5,12.61,0.89
752,23-01-2020 00:00,24-01-2020 00:00,31.28,20.22,21.14,0.8
753,24-01-2020 00:00,25-01-2020 00:00,43.71,10.4,15.12,0.88
754,25-01-2020 00:00,26-01-2020 00:00,32.62,2.41,16.28,0.93
755,26-01-2020 00:00,27-01-2020 00:00,39.91,5.4,15.95,0.95
756,27-01-2020 00:00,28-01-2020 00:00,44.05,21.62,12.81,0.73
757,28-01-2020 00:00,29-01-2020 00:00,46.45,41.88,6.68,0.42
758,29-01-2020 00:00,30-01-2020 00:00,42.75,41.85,6.68,0.42
759,30-01-2020 00:00,31-01-2020 00:00,43.19,20.83,12.01,0.75
760,31-01-2020 00:00,01-02-2020 00:00,45.63,0.96,16.11,0.91
761,01-02-2020 00:00,02-02-2020 00:00,55.96,2.25,15.87,0.91
762,02-02-2020 00:00,03-02-2020 00:00,34.39,2.87,16.35,0.9
763,03-02-2020 00:00,04-02-2020 00:00,28.95,2.61,16.85,0.89
764,04-02-2020 00:00,05-02-2020 00:00,24.4,3.13,16.12,0.9
765,05-02-2020 00:00,06-02-2020 00:00,25.95,7.92,15.85,0.96
766,06-02-2020 00:00,07-02-2020 00:00,38.32,3.58,15.85,0.9
767,07-02-2020 00:00,08-02-2020 00:00,51.9,5.34,15.92,0.92
768,08-02-2020 00:00,09-02-2020 00:00,40.64,7.17,16.65,0.92
769,09-02-2020 00:00,10-02-2020 00:00,38.97,6.83,16.25,0.9
770,10-02-2020 00:00,11-02-2020 00:00,28.83,13.55,16.45,0.97
771,11-02-2020 00:00,12-02-2020 00:00,29.55,5.01,16.59,0.89
772,12-02-2020 00:00,13-02-2020 00:00,28.19,6.44,16.11,0.91
773,13-02-2020 00:00,14-02-2020 00:00,31.51,10.38,16.44,0.97
774,14-02-2020 00:00,15-02-2020 00:00,46.78,8.47,15.75,0.99
775,15-02-2020 00:00,16-02-2020 00:00,50.83,7.96,16.69,0.94
776,16-02-2020 00:00,17-02-2020 00:00,33.17,14.83,17.41,0.88
777,17-02-2020 00:00,18-02-2020 00:00,34.86,20.69,17.13,0.88
778,18-02-2020 00:00,19-02-2020 00:00,38.5,14.27,16.67,0.9
779,19-02-2020 00:00,20-02-2020 00:00,40.51,13.18,16.58,0.96
780,20-02-2020 00:00,21-02-2020 00:00,46.23,8.53,16.03,0.95
781,21-02-2020 00:00,22-02-2020 00:00,24.15,11.27,16.55,0.94
782,22-02-2020 00:00,23-02-2020 00:00,32.58,11.82,17.61,0.97
783,23-02-2020 00:00,24-02-2020 00:00,36.83,7.09,16.7,0.89
784,24-02-2020 00:00,25-02-2020 00:00,31.26,6.63,17.36,0.95
785,25-02-2020 00:00,26-02-2020 00:00,39.69,6.21,16.57,0.97
786,26-02-2020 00:00,27-02-2020 00:00,31.41,6.07,16.04,0.94
787,27-02-2020 00:00,28-02-2020 00:00,34.81,6.69,16.59,0.94
788,28-02-2020 00:00,29-02-2020 00:00,34.12,6.31,17.09,0.87
789,29-02-2020 00:00,01-03-2020 00:00,81.18,3.79,16.81,0.47
790,01-03-2020 00:00,02-03-2020 00:00,45.07,3.74,16.69,0.48
791,02-03-2020 00:00,03-03-2020 00:00,53.19,3.44,17.1,0.52
792,03-03-2020 00:00,04-03-2020 00:00,66.07,3.77,17.17,0.48
793,04-03-2020 00:00,05-03-2020 00:00,64.4,5.53,19.34,0.42
794,05-03-2020 00:00,06-03-2020 00:00,49.24,7.85,16.84,0.45
795,06-03-2020 00:00,07-03-2020 00:00,52.66,9.06,17.62,0.48
796,07-03-2020 00:00,08-03-2020 00:00,44.69,3.01,16.69,0.48
797,08-03-2020 00:00,09-03-2020 00:00,37.5,3.34,16.77,0.48
798,09-03-2020 00:00,10-03-2020 00:00,39.3,3.45,16.42,0.47
799,10-03-2020 00:00,11-03-2020 00:00,41.7,3.58,17.57,0.49
800,11-03-2020 00:00,12-03-2020 00:00,35.23,6.94,17.36,0.47
801,12-03-2020 00:00,13-03-2020 00:00,25.98,2.81,16.16,0.45
802,13-03-2020 00:00,14-03-2020 00:00,31.28,2.82,16.59,0.47
803,14-03-2020 00:00,15-03-2020 00:00,24.73,2.92,17.16,0.49
804,15-03-2020 00:00,16-03-2020 00:00,30.42,3.31,16.45,0.36
805,16-03-2020 00:00,17-03-2020 00:00,20.14,3.89,16.56,0.49
806,17-03-2020 00:00,18-03-2020 00:00,17.0,3.28,16.72,0.46
807,18-03-2020 00:00,19-03-2020 00:00,23.4,3.86,17.11,0.48
808,19-03-2020 00:00,20-03-2020 00:00,36.96,3.13,16.42,0.49
809,20-03-2020 00:00,21-03-2020 00:00,40.08,2.67,17.05,0.52
810,21-03-2020 00:00,22-03-2020 00:00,36.54,3.49,16.81,0.52
811,22-03-2020 00:00,23-03-2020 00:00,26.58,4.15,16.88,0.42
812,23-03-2020 00:00,24-03-2020 00:00,44.48,3.18,17.24,0.49
813,24-03-2020 00:00,25-03-2020 00:00,47.81,3.53,16.52,0.45
814,25-03-2020 00:00,26-03-2020 00:00,22.24,7.01,17.06,0.46
815,26-03-2020 00:00,27-03-2020 00:00,24.79,7.47,16.9,0.45
816,27-03-2020 00:00,28-03-2020 00:00,36.45,5.11,16.11,0.43
817,28-03-2020 00:00,29-03-2020 00:00,21.07,6.03,17.49,0.4
818,29-03-2020 00:00,30-03-2020 00:00,25.76,2.83,16.57,0.42
819,30-03-2020 00:00,31-03-2020 00:00,28.96,3.11,18.68,0.41
820,31-03-2020 00:00,01-04-2020 00:00,25.49,3.69,18.18,0.45
821,01-04-2020 00:00,02-04-2020 00:00,25.98,4.85,16.47,0.43
822,02-04-2020 00:00,03-04-2020 00:00,35.22,2.77,16.51,0.44
823,03-04-2020 00:00,04-04-2020 00:00,39.47,2.89,16.71,0.45
824,04-04-2020 00:00,05-04-2020 00:00,37.17,2.99,16.53,0.43
825,05-04-2020 00:00,06-04-2020 00:00,38.29,2.57,17.35,0.47
826,06-04-2020 00:00,07-04-2020 00:00,22.26,2.84,17.34,0.44
827,07-04-2020 00:00,08-04-2020 00:00,12.72,4.61,16.78,0.4
828,08-04-2020 00:00,09-04-2020 00:00,19.05,3.14,17.39,0.44
829,09-04-2020 00:00,10-04-2020 00:00,23.03,3.15,17.49,0.43
830,10-04-2020 00:00,11-04-2020 00:00,15.4,6.5,16.58,0.43
831,11-04-2020 00:00,12-04-2020 00:00,32.92,4.19,17.23,0.44
832,12-04-2020 00:00,13-04-2020 00:00,25.81,3.16,17.57,0.43
833,13-04-2020 00:00,14-04-2020 00:00,36.12,3.29,17.21,0.47
834,14-04-2020 00:00,15-04-2020 00:00,37.91,2.98,17.02,0.4
835,15-04-2020 00:00,16-04-2020 00:00,37.64,2.92,17.51,0.42
836,16-04-2020 00:00,17-04-2020 00:00,27.24,2.77,17.05,0.43
837,17-04-2020 00:00,18-04-2020 00:00,32.74,2.81,16.6,0.46
838,18-04-2020 00:00,19-04-2020 00:00,30.71,3.02,17.07,0.44
839,19-04-2020 00:00,20-04-2020 00:00,23.29,2.82,17.05,0.44
840,20-04-2020 00:00,21-04-2020 00:00,18.48,3.1,17.26,0.4
841,21-04-2020 00:00,22-04-2020 00:00,16.12,3.13,18.07,0.45
842,22-04-2020 00:00,23-04-2020 00:00,21.59,3.75,17.05,0.46
843,23-04-2020 00:00,24-04-2020 00:00,19.56,3.54,17.14,0.43
844,24-04-2020 00:00,25-04-2020 00:00,27.42,3.73,17.36,0.47
845,25-04-2020 00:00,26-04-2020 00:00,23.1,3.89,17.14,0.45
846,26-04-2020 00:00,27-04-2020 00:00,17.53,4.37,16.65,0.45
847,27-04-2020 00:00,28-04-2020 00:00,16.65,4.4,16.81,0.46
848,28-04-2020 00:00,29-04-2020 00:00,19.67,4.76,17.12,0.43
849,29-04-2020 00:00,30-04-2020 00:00,8.59,3.6,17.83,0.46
850,30-04-2020 00:00,01-05-2020 00:00,18.83,4.2,17.15,0.46
851,01-05-2020 00:00,02-05-2020 00:00,22.56,5.36,17.05,0.48
852,02-05-2020 00:00,03-05-2020 00:00,21.9,6.05,16.89,0.45
853,03-05-2020 00:00,04-05-2020 00:00,26.41,5.43,17.19,0.46
854,04-05-2020 00:00,05-05-2020 00:00,30.38,3.46,17.81,0.46
855,05-05-2020 00:00,06-05-2020 00:00,32.95,5.05,16.76,0.44
856,06-05-2020 00:00,07-05-2020 00:00,23.91,4.9,17.37,0.46
857,07-05-2020 00:00,08-05-2020 00:00,29.35,2.97,16.81,0.44
858,08-05-2020 00:00,09-05-2020 00:00,17.95,2.89,17.54,0.46
859,09-05-2020 00:00,10-05-2020 00:00,23.49,5.69,18.14,0.45
860,10-05-2020 00:00,11-05-2020 00:00,21.22,2.85,17.48,0.45
861,11-05-2020 00:00,12-05-2020 00:00,19.74,5.85,18.92,0.47
862,12-05-2020 00:00,13-05-2020 00:00,11.99,2.75,17.53,0.44
863,13-05-2020 00:00,14-05-2020 00:00,13.94,2.91,18.27,0.46
864,14-05-2020 00:00,15-05-2020 00:00,27.56,3.41,17.28,0.42
865,15-05-2020 00:00,16-05-2020 00:00,14.3,8.26,17.73,0.52
866,16-05-2020 00:00,17-05-2020 00:00,20.89,3.24,18.46,0.42
867,17-05-2020 00:00,18-05-2020 00:00,19.08,2.6,18.02,0.39
868,18-05-2020 00:00,19-05-2020 00:00,14.72,2.56,16.92,0.4
869,19-05-2020 00:00,20-05-2020 00:00,19.39,1.83,17.68,0.43
870,20-05-2020 00:00,21-05-2020 00:00,14.72,2.47,18.37,0.43
871,21-05-2020 00:00,22-05-2020 00:00,13.29,2.73,19.82,0.44
872,22-05-2020 00:00,23-05-2020 00:00,15.85,2.13,17.62,0.48
873,23-05-2020 00:00,24-05-2020 00:00,18.07,5.49,26.82,0.65
874,24-05-2020 00:00,25-05-2020 00:00,18.45,5.35,26.9,0.68
875,25-05-2020 00:00,26-05-2020 00:00,20.01,5.55,26.76,0.7
876,26-05-2020 00:00,27-05-2020 00:00,16.15,5.23,26.77,0.71
877,27-05-2020 00:00,28-05-2020 00:00,14.09,5.37,26.67,0.72
878,28-05-2020 00:00,29-05-2020 00:00,13.06,5.37,26.56,0.67
879,29-05-2020 00:00,30-05-2020 00:00,11.18,5.14,26.77,0.7
880,30-05-2020 00:00,31-05-2020 00:00,13.71,5.3,26.53,0.66
881,31-05-2020 00:00,01-06-2020 00:00,20.38,11.06,9.92,0.83
882,01-06-2020 00:00,02-06-2020 00:00,3.35,10.39,7.86,0.42
883,02-06-2020 00:00,03-06-2020 00:00,2.78,3.2,18.45,0.41
884,03-06-2020 00:00,04-06-2020 00:00,3.83,4.65,16.99,0.4
885,04-06-2020 00:00,05-06-2020 00:00,2.0,5.4,17.1,0.42
886,05-06-2020 00:00,06-06-2020 00:00,9.91,8.35,17.49,0.66
887,06-06-2020 00:00,07-06-2020 00:00,16.23,3.73,4.11,0.17
888,07-06-2020 00:00,08-06-2020 00:00,18.76,7.26,17.46,0.51
889,08-06-2020 00:00,09-06-2020 00:00,18.54,3.16,23.54,0.45
890,09-06-2020 00:00,10-06-2020 00:00,20.83,3.06,23.24,0.46
891,10-06-2020 00:00,11-06-2020 00:00,17.81,3.36,29.24,0.44
892,11-06-2020 00:00,12-06-2020 00:00,13.0,3.32,19.22,0.48
893,12-06-2020 00:00,13-06-2020 00:00,14.72,3.21,23.59,0.4
894,13-06-2020 00:00,14-06-2020 00:00,13.21,2.76,22.89,0.44
895,14-06-2020 00:00,15-06-2020 00:00,13.04,5.99,22.91,0.41
896,15-06-2020 00:00,16-06-2020 00:00,13.76,5.42,23.38,0.43
897,16-06-2020 00:00,17-06-2020 00:00,16.02,3.91,23.61,0.43
898,17-06-2020 00:00,18-06-2020 00:00,17.68,4.34,23.39,0.44
899,18-06-2020 00:00,19-06-2020 00:00,16.09,7.88,22.97,0.44
900,19-06-2020 00:00,20-06-2020 00:00,17.48,3.1,23.13,0.45
901,20-06-2020 00:00,21-06-2020 00:00,16.91,2.83,22.81,0.49
902,21-06-2020 00:00,22-06-2020 00:00,16.74,2.74,22.86,0.44
903,22-06-2020 00:00,23-06-2020 00:00,14.23,1.96,23.04,0.44
904,23-06-2020 00:00,24-06-2020 00:00,19.48,2.58,22.92,0.46
905,24-06-2020 00:00,25-06-2020 00:00,19.51,2.92,23.47,0.46
906,25-06-2020 00:00,26-06-2020 00:00,16.69,4.04,23.5,0.46
907,26-06-2020 00:00,27-06-2020 00:00,14.1,2.7,23.35,0.42
908,27-06-2020 00:00,28-06-2020 00:00,13.2,11.35,9.81,0.37
909,28-06-2020 00:00,29-06-2020 00:00,12.45,11.54,7.32,0.42
910,29-06-2020 00:00,30-06-2020 00:00,15.85,3.3,23.21,0.49
911,30-06-2020 00:00,01-07-2020 00:00,10.75,3.38,23.59,0.41
912,01-07-2020 00:00,02-07-2020 00:00,15.29,3.89,23.28,0.45
913,02-07-2020 00:00,03-07-2020 00:00,13.01,3.36,23.54,0.47
914,03-07-2020 00:00,04-07-2020 00:00,9.71,5.02,23.76,0.42
915,04-07-2020 00:00,05-07-2020 00:00,12.04,11.88,23.59,0.46
916,05-07-2020 00:00,06-07-2020 00:00,14.82,2.96,23.12,0.41
917,06-07-2020 00:00,07-07-2020 00:00,14.69,2.26,23.23,0.46
918,07-07-2020 00:00,08-07-2020 00:00,12.68,6.13,23.4,0.46
919,08-07-2020 00:00,09-07-2020 00:00,11.44,2.74,23.63,0.45
920,09-07-2020 00:00,10-07-2020 00:00,10.88,7.53,21.72,0.73
921,10-07-2020 00:00,11-07-2020 00:00,12.62,7.21,24.35,0.87
922,11-07-2020 00:00,12-07-2020 00:00,11.68,7.29,23.46,0.86
923,12-07-2020 00:00,13-07-2020 00:00,9.58,7.1,24.75,0.72
924,13-07-2020 00:00,14-07-2020 00:00,16.02,0.27,23.88,0.48
925,14-07-2020 00:00,15-07-2020 00:00,14.33,1.04,23.37,0.46
926,15-07-2020 00:00,16-07-2020 00:00,12.16,2.69,24.52,0.43
927,16-07-2020 00:00,17-07-2020 00:00,10.64,5.24,23.38,0.42
928,17-07-2020 00:00,18-07-2020 00:00,12.08,6.47,22.77,0.47
929,18-07-2020 00:00,19-07-2020 00:00,12.15,5.39,23.51,0.44
930,19-07-2020 00:00,20-07-2020 00:00,17.33,0.96,24.44,0.41
931,20-07-2020 00:00,21-07-2020 00:00,17.05,1.38,22.84,0.48
932,21-07-2020 00:00,22-07-2020 00:00,11.94,5.4,23.62,0.44
933,22-07-2020 00:00,23-07-2020 00:00,28.93,3.76,23.72,0.49
934,23-07-2020 00:00,24-07-2020 00:00,24.8,4.97,23.42,0.45
935,24-07-2020 00:00,25-07-2020 00:00,14.33,6.41,23.88,0.42
936,25-07-2020 00:00,26-07-2020 00:00,10.86,3.46,23.16,0.47
937,26-07-2020 00:00,27-07-2020 00:00,15.18,9.45,23.43,0.43
938,27-07-2020 00:00,28-07-2020 00:00,14.55,10.3,23.45,0.48
939,28-07-2020 00:00,29-07-2020 00:00,14.79,9.23,24.03,0.42
940,29-07-2020 00:00,30-07-2020 00:00,16.93,12.44,23.64,0.43
941,30-07-2020 00:00,31-07-2020 00:00,11.36,4.17,23.52,0.45
942,31-07-2020 00:00,01-08-2020 00:00,12.74,4.13,23.21,0.44
943,01-08-2020 00:00,02-08-2020 00:00,11.16,2.3,24.37,0.44
944,02-08-2020 00:00,03-08-2020 00:00,10.5,2.08,24.23,0.4
945,03-08-2020 00:00,04-08-2020 00:00,11.22,3.76,23.69,0.44
946,04-08-2020 00:00,05-08-2020 00:00,10.86,3.61,23.52,0.42
947,05-08-2020 00:00,06-08-2020 00:00,12.25,4.58,23.2,0.43
948,06-08-2020 00:00,07-08-2020 00:00,13.68,6.61,23.29,0.43
949,07-08-2020 00:00,08-08-2020 00:00,11.98,8.78,23.44,0.45
950,08-08-2020 00:00,09-08-2020 00:00,14.05,6.72,23.63,0.43
951,09-08-2020 00:00,10-08-2020 00:00,13.9,14.65,23.49,0.4
952,10-08-2020 00:00,11-08-2020 00:00,14.94,15.94,23.47,0.44
953,11-08-2020 00:00,12-08-2020 00:00,16.23,10.95,23.72,0.44
954,12-08-2020 00:00,13-08-2020 00:00,17.75,2.36,23.56,0.45
955,13-08-2020 00:00,14-08-2020 00:00,20.66,5.28,22.95,0.41
956,14-08-2020 00:00,15-08-2020 00:00,19.89,19.11,23.87,0.48
957,15-08-2020 00:00,16-08-2020 00:00,19.74,17.19,23.7,0.48
958,16-08-2020 00:00,17-08-2020 00:00,21.61,4.01,23.61,0.45
959,17-08-2020 00:00,18-08-2020 00:00,16.98,6.24,22.81,0.49
960,18-08-2020 00:00,19-08-2020 00:00,15.74,8.41,23.47,0.45
961,19-08-2020 00:00,20-08-2020 00:00,15.54,5.15,23.45,0.48
962,20-08-2020 00:00,21-08-2020 00:00,17.1,7.83,23.34,0.46
963,21-08-2020 00:00,22-08-2020 00:00,18.2,5.98,23.42,0.46
964,22-08-2020 00:00,23-08-2020 00:00,17.39,8.78,23.33,0.44
965,23-08-2020 00:00,24-08-2020 00:00,13.18,10.94,23.31,0.45
966,24-08-2020 00:00,25-08-2020 00:00,19.53,2.87,23.87,0.49
967,25-08-2020 00:00,26-08-2020 00:00,20.75,3.75,23.65,0.47
968,26-08-2020 00:00,27-08-2020 00:00,21.3,3.26,23.42,0.46
969,27-08-2020 00:00,28-08-2020 00:00,20.86,4.32,22.87,0.45
970,28-08-2020 00:00,29-08-2020 00:00,21.76,8.38,25.74,0.65
971,29-08-2020 00:00,30-08-2020 00:00,22.52,5.09,23.02,0.49
972,30-08-2020 00:00,31-08-2020 00:00,15.31,6.56,23.77,0.45
973,31-08-2020 00:00,01-09-2020 00:00,17.11,5.05,23.12,0.45
974,01-09-2020 00:00,02-09-2020 00:00,19.11,4.69,26.21,0.44
975,02-09-2020 00:00,03-09-2020 00:00,24.15,8.32,26.28,0.39
976,03-09-2020 00:00,04-09-2020 00:00,21.7,5.89,26.21,0.5
977,04-09-2020 00:00,05-09-2020 00:00,25.33,3.64,26.16,0.46
978,05-09-2020 00:00,06-09-2020 00:00,45.67,9.5,26.2,1.22
979,06-09-2020 00:00,07-09-2020 00:00,39.84,8.49,26.07,1.21
980,07-09-2020 00:00,08-09-2020 00:00,15.5,4.33,25.88,0.47
981,08-09-2020 00:00,09-09-2020 00:00,11.67,5.18,25.81,0.44
982,09-09-2020 00:00,10-09-2020 00:00,13.59,6.44,25.9,0.45
983,10-09-2020 00:00,11-09-2020 00:00,9.12,6.39,26.04,0.41
984,11-09-2020 00:00,12-09-2020 00:00,12.8,2.0,25.5,1.1
985,12-09-2020 00:00,13-09-2020 00:00,10.88,9.8,25.77,1.33
986,13-09-2020 00:00,14-09-2020 00:00,11.05,17.48,25.73,1.15
987,14-09-2020 00:00,15-09-2020 00:00,14.65,4.06,25.7,0.46
988,15-09-2020 00:00,16-09-2020 00:00,14.47,2.64,25.69,0.45
989,16-09-2020 00:00,17-09-2020 00:00,13.66,2.51,25.67,0.41
990,17-09-2020 00:00,18-09-2020 00:00,16.15,7.79,25.73,1.27
991,18-09-2020 00:00,19-09-2020 00:00,12.0,0.98,25.84,0.45
992,19-09-2020 00:00,20-09-2020 00:00,15.25,2.2,25.95,0.41
993,20-09-2020 00:00,21-09-2020 00:00,9.58,10.92,8.8,0.34
994,21-09-2020 00:00,22-09-2020 00:00,12.15,13.21,28.16,0.51
995,22-09-2020 00:00,23-09-2020 00:00,13.4,4.28,12.93,0.52
996,23-09-2020 00:00,24-09-2020 00:00,18.7,3.52,10.55,0.43
997,24-09-2020 00:00,25-09-2020 00:00,18.43,2.25,11.15,0.47
998,25-09-2020 00:00,26-09-2020 00:00,18.09,3.48,10.64,0.38
999,26-09-2020 00:00,27-09-2020 00:00,17.96,4.88,10.75,0.68
1000,27-09-2020 00:00,28-09-2020 00:00,18.38,20.25,9.71,0.4
1001,28-09-2020 00:00,29-09-2020 00:00,21.93,8.47,24.07,1.3
1002,29-09-2020 00:00,30-09-2020 00:00,22.76,5.39,24.51,0.48
1003,30-09-2020 00:00,01-10-2020 00:00,17.93,4.61,8.72,0.44
1004,01-10-2020 00:00,02-10-2020 00:00,23.15,4.84,8.63,0.56
1005,02-10-2020 00:00,03-10-2020 00:00,34.56,3.5,19.29,0.44
1006,03-10-2020 00:00,04-10-2020 00:00,20.17,3.74,34.74,0.42
1007,04-10-2020 00:00,05-10-2020 00:00,13.8,4.99,26.57,0.41
1008,05-10-2020 00:00,06-10-2020 00:00,23.66,21.12,11.82,0.47
1009,06-10-2020 00:00,07-10-2020 00:00,35.26,6.02,6.64,0.52
1010,07-10-2020 00:00,08-10-2020 00:00,35.64,3.71,6.39,0.45
1011,08-10-2020 00:00,09-10-2020 00:00,50.67,3.72,6.19,0.46
1012,09-10-2020 00:00,10-10-2020 00:00,44.74,1.38,6.24,0.56
1013,10-10-2020 00:00,11-10-2020 00:00,20.32,10.17,29.32,1.23
1014,11-10-2020 00:00,12-10-2020 00:00,22.48,11.05,11.31,0.51
1015,12-10-2020 00:00,13-10-2020 00:00,24.51,10.66,11.73,0.61
1016,13-10-2020 00:00,14-10-2020 00:00,21.29,3.76,5.69,0.44
1017,14-10-2020 00:00,15-10-2020 00:00,18.57,9.21,5.94,0.46
1018,15-10-2020 00:00,16-10-2020 00:00,19.43,2.92,5.9,0.45
1019,16-10-2020 00:00,17-10-2020 00:00,37.33,2.15,6.05,0.49
1020,17-10-2020 00:00,18-10-2020 00:00,43.68,3.11,6.36,0.52
1021,18-10-2020 00:00,19-10-2020 00:00,41.96,2.87,6.5,0.48
1022,19-10-2020 00:00,20-10-2020 00:00,34.33,2.4,6.62,0.48
1023,20-10-2020 00:00,21-10-2020 00:00,29.02,8.74,6.69,0.47
1024,21-10-2020 00:00,22-10-2020 00:00,19.63,10.36,17.99,1.18
1025,22-10-2020 00:00,23-10-2020 00:00,19.04,4.66,7.07,0.46
1026,23-10-2020 00:00,24-10-2020 00:00,20.08,2.81,6.56,0.44
1027,24-10-2020 00:00,25-10-2020 00:00,24.62,3.46,6.55,0.44
1028,25-10-2020 00:00,26-10-2020 00:00,36.3,9.74,17.98,0.75
1029,26-10-2020 00:00,27-10-2020 00:00,58.3,10.88,23.6,1.12
1030,27-10-2020 00:00,28-10-2020 00:00,72.62,10.73,16.54,1.25
1031,28-10-2020 00:00,29-10-2020 00:00,64.15,3.35,7.1,0.35
1032,29-10-2020 00:00,30-10-2020 00:00,57.28,6.48,18.33,0.58
1033,30-10-2020 00:00,31-10-2020 00:00,57.83,3.42,17.87,0.54
1034,31-10-2020 00:00,01-11-2020 00:00,74.62,3.62,16.57,0.49
1035,01-11-2020 00:00,02-11-2020 00:00,80.91,3.77,17.42,0.53
1036,02-11-2020 00:00,03-11-2020 00:00,95.33,3.49,17.12,0.55
1037,03-11-2020 00:00,04-11-2020 00:00,73.94,19.33,10.11,0.36
1038,04-11-2020 00:00,05-11-2020 00:00,60.57,12.21,10.68,0.25
1039,05-11-2020 00:00,06-11-2020 00:00,42.28,9.8,10.57,0.18
1040,06-11-2020 00:00,07-11-2020 00:00,23.2,3.03,63.9,0.23
1041,07-11-2020 00:00,08-11-2020 00:00,18.78,11.39,19.47,1.14
1042,08-11-2020 00:00,09-11-2020 00:00,44.01,10.68,19.32,1.12
1043,09-11-2020 00:00,10-11-2020 00:00,73.74,11.05,19.47,1.25
1044,10-11-2020 00:00,11-11-2020 00:00,58.8,11.87,16.21,1.02
1045,11-11-2020 00:00,12-11-2020 00:00,51.28,5.25,14.77,0.57
1046,12-11-2020 00:00,13-11-2020 00:00,29.83,6.21,10.76,0.45
1047,13-11-2020 00:00,14-11-2020 00:00,15.65,4.6,10.83,0.47
1048,14-11-2020 00:00,15-11-2020 00:00,25.86,7.36,12.24,0.43
1049,15-11-2020 00:00,16-11-2020 00:00,33.2,3.74,10.95,0.45
1050,16-11-2020 00:00,17-11-2020 00:00,11.72,4.71,13.7,0.43
1051,17-11-2020 00:00,18-11-2020 00:00,13.1,10.39,14.35,0.44
1052,18-11-2020 00:00,19-11-2020 00:00,18.76,4.49,14.62,0.48
1053,19-11-2020 00:00,20-11-2020 00:00,26.57,3.49,15.14,0.48
1054,20-11-2020 00:00,21-11-2020 00:00,25.3,3.61,14.07,0.47
1055,21-11-2020 00:00,22-11-2020 00:00,27.75,4.09,12.43,0.47
1056,22-11-2020 00:00,23-11-2020 00:00,39.5,2.91,12.63,0.45
1057,23-11-2020 00:00,24-11-2020 00:00,39.86,3.27,12.72,0.45
1058,24-11-2020 00:00,25-11-2020 00:00,48.06,3.99,13.11,0.51
1059,25-11-2020 00:00,26-11-2020 00:00,50.03,3.99,13.11,0.44
1060,26-11-2020 00:00,27-11-2020 00:00,20.15,3.65,13.27,0.44
1061,27-11-2020 00:00,28-11-2020 00:00,16.05,2.66,13.31,0.45
1062,28-11-2020 00:00,29-11-2020 00:00,21.17,2.48,13.4,0.49
1063,29-11-2020 00:00,30-11-2020 00:00,22.2,1.31,13.31,0.48
1064,30-11-2020 00:00,01-12-2020 00:00,24.24,1.02,13.26,0.43
1065,01-12-2020 00:00,02-12-2020 00:00,29.53,0.42,12.88,0.45
1066,02-12-2020 00:00,03-12-2020 00:00,36.48,1.14,12.2,0.52
1067,03-12-2020 00:00,04-12-2020 00:00,32.73,1.18,11.39,0.47
1068,04-12-2020 00:00,05-12-2020 00:00,16.14,3.35,11.67,0.54
1069,05-12-2020 00:00,06-12-2020 00:00,17.0,1.86,11.9,0.45
1070,06-12-2020 00:00,07-12-2020 00:00,25.65,2.3,10.74,0.47
1071,07-12-2020 00:00,08-12-2020 00:00,12.06,1.98,12.02,0.47
1072,08-12-2020 00:00,09-12-2020 00:00,12.61,3.92,188.75,0.55
1073,09-12-2020 00:00,10-12-2020 00:00,19.21,4.17,12.86,0.46
1074,10-12-2020 00:00,11-12-2020 00:00,28.87,2.9,12.02,0.51
1075,11-12-2020 00:00,12-12-2020 00:00,40.1,4.12,11.85,0.47
1076,12-12-2020 00:00,13-12-2020 00:00,53.49,3.99,11.92,0.45
1077,13-12-2020 00:00,14-12-2020 00:00,54.3,7.45,43.05,0.75
1078,14-12-2020 00:00,15-12-2020 00:00,56.49,3.85,11.67,0.66
1079,15-12-2020 00:00,16-12-2020 00:00,21.94,6.68,11.65,0.48
1080,16-12-2020 00:00,17-12-2020 00:00,16.57,3.45,11.87,0.53
1081,17-12-2020 00:00,18-12-2020 00:00,15.11,4.06,11.98,0.47
1082,18-12-2020 00:00,19-12-2020 00:00,16.4,3.88,24.86,0.48
1083,19-12-2020 00:00,20-12-2020 00:00,21.1,8.47,45.75,0.49
1084,20-12-2020 00:00,21-12-2020 00:00,23.98,9.52,11.71,0.45
1085,21-12-2020 00:00,22-12-2020 00:00,21.84,16.19,11.2,0.48
1086,22-12-2020 00:00,23-12-2020 00:00,22.08,6.72,12.49,0.46
1087,23-12-2020 00:00,24-12-2020 00:00,21.75,4.56,12.09,0.48
1088,24-12-2020 00:00,25-12-2020 00:00,23.32,6.32,12.25,0.46
1089,25-12-2020 00:00,26-12-2020 00:00,22.81,5.11,12.45,0.43
1090,26-12-2020 00:00,27-12-2020 00:00,23.02,1.87,11.51,0.5
1091,27-12-2020 00:00,28-12-2020 00:00,25.89,3.04,11.81,0.49
1092,28-12-2020 00:00,29-12-2020 00:00,28.92,6.96,12.29,0.52
1093,29-12-2020 00:00,30-12-2020 00:00,26.59,24.15,12.09,0.47
1094,30-12-2020 00:00,31-12-2020 00:00,19.24,43.15,11.67,0.5
1095,31-12-2020 00:00,01-01-2021 00:00,13.15,2.47,11.18,0.49
1096,01-01-2021 00:00,02-01-2021 00:00,20.74,5.85,10.88,0.44
1097,02-01-2021 00:00,03-01-2021 00:00,20.67,3.06,11.92,0.56
1098,03-01-2021 00:00,04-01-2021 00:00,13.22,8.98,15.88,0.42
1099,04-01-2021 00:00,05-01-2021 00:00,11.68,5.17,13.21,0.48
1100,05-01-2021 00:00,06-01-2021 00:00,10.48,4.94,12.88,0.51
1101,06-01-2021 00:00,07-01-2021 00:00,2.98,50.42,12.61,0.57
1102,07-01-2021 00:00,08-01-2021 00:00,4.72,17.44,12.64,0.54
1103,08-01-2021 00:00,09-01-2021 00:00,8.06,12.6,12.78,0.48
1104,09-01-2021 00:00,10-01-2021 00:00,10.17,3.53,13.24,0.5
1105,10-01-2021 00:00,11-01-2021 00:00,192.99,3.71,13.13,0.45
1106,11-01-2021 00:00,12-01-2021 00:00,15.2,2.9,12.96,0.49
1107,12-01-2021 00:00,13-01-2021 00:00,27.21,3.02,13.15,0.49
1108,13-01-2021 00:00,14-01-2021 00:00,24.33,3.21,13.5,0.47
1109,14-01-2021 00:00,15-01-2021 00:00,28.89,5.73,14.86,0.0
1110,15-01-2021 00:00,16-01-2021 00:00,32.92,5.02,13.03,0.5
1111,16-01-2021 00:00,17-01-2021 00:00,36.65,6.5,12.86,0.45
1112,17-01-2021 00:00,18-01-2021 00:00,30.12,6.95,14.7,0.46
1113,18-01-2021 00:00,19-01-2021 00:00,23.13,3.6,12.78,0.5
1114,19-01-2021 00:00,20-01-2021 00:00,27.65,9.52,12.87,0.5
1115,20-01-2021 00:00,21-01-2021 00:00,39.94,6.11,13.03,0.49
1116,21-01-2021 00:00,22-01-2021 00:00,31.88,4.28,12.61,0.5
1117,22-01-2021 00:00,23-01-2021 00:00,29.19,5.34,12.61,0.49
1118,23-01-2021 00:00,24-01-2021 00:00,41.37,3.68,12.05,0.56
1119,24-01-2021 00:00,25-01-2021 00:00,32.99,6.75,15.93,0.5
1120,25-01-2021 00:00,26-01-2021 00:00,32.77,3.94,12.3,0.51
1121,26-01-2021 00:00,27-01-2021 00:00,27.58,3.38,12.56,0.47
1122,27-01-2021 00:00,28-01-2021 00:00,37.15,3.36,12.62,0.46
1123,28-01-2021 00:00,29-01-2021 00:00,48.11,7.29,12.41,0.48
1124,29-01-2021 00:00,30-01-2021 00:00,51.78,3.48,12.81,0.49
1125,30-01-2021 00:00,31-01-2021 00:00,49.3,3.73,12.65,0.51
1126,31-01-2021 00:00,01-02-2021 00:00,46.49,5.69,12.91,0.48
1127,01-02-2021 00:00,02-02-2021 00:00,32.96,3.05,12.81,0.5
1128,02-02-2021 00:00,03-02-2021 00:00,38.3,2.89,13.19,0.49
1129,03-02-2021 00:00,04-02-2021 00:00,54.41,2.56,13.03,0.48
1130,04-02-2021 00:00,05-02-2021 00:00,54.76,3.11,13.08,0.54
1131,05-02-2021 00:00,06-02-2021 00:00,31.09,4.53,12.4,0.45
1132,06-02-2021 00:00,07-02-2021 00:00,37.39,3.68,12.65,0.49
1133,07-02-2021 00:00,08-02-2021 00:00,29.91,3.13,12.97,0.46
1134,08-02-2021 00:00,09-02-2021 00:00,34.1,3.12,13.93,0.48
1135,09-02-2021 00:00,10-02-2021 00:00,37.12,3.05,12.83,0.48
1136,10-02-2021 00:00,11-02-2021 00:00,35.56,2.62,13.56,0.51
1137,11-02-2021 00:00,12-02-2021 00:00,42.09,3.48,13.64,0.47
1138,12-02-2021 00:00,13-02-2021 00:00,33.55,4.25,13.44,0.55
1139,13-02-2021 00:00,14-02-2021 00:00,29.52,2.34,13.43,0.54
1140,14-02-2021 00:00,15-02-2021 00:00,34.81,2.76,13.06,0.45
1141,15-02-2021 00:00,16-02-2021 00:00,36.23,3.42,13.01,0.45
1142,16-02-2021 00:00,17-02-2021 00:00,37.18,1.74,12.19,0.66
1143,17-02-2021 00:00,18-02-2021 00:00,33.97,4.94,12.67,0.52
1144,18-02-2021 00:00,19-02-2021 00:00,37.8,11.36,12.35,0.46
1145,19-02-2021 00:00,20-02-2021 00:00,39.62,1.96,13.09,0.49
1146,20-02-2021 00:00,21-02-2021 00:00,20.41,1.4,12.71,0.56
1147,21-02-2021 00:00,22-02-2021 00:00,9.14,2.77,12.1,0.46
1148,22-02-2021 00:00,23-02-2021 00:00,9.99,4.62,12.36,0.47
1149,23-02-2021 00:00,24-02-2021 00:00,26.3,2.17,13.91,0.58
1150,24-02-2021 00:00,25-02-2021 00:00,32.89,4.8,15.23,0.58
1151,25-02-2021 00:00,26-02-2021 00:00,44.14,8.22,15.39,0.45
1152,26-02-2021 00:00,27-02-2021 00:00,43.82,4.7,15.09,0.56
1153,27-02-2021 00:00,28-02-2021 00:00,40.34,3.84,15.37,0.47
1154,28-02-2021 00:00,01-03-2021 00:00,32.15,4.47,15.22,0.45
1155,01-03-2021 00:00,02-03-2021 00:00,30.62,3.88,15.34,0.52
1156,02-03-2021 00:00,03-03-2021 00:00,36.95,3.95,15.13,0.47
1157,03-03-2021 00:00,04-03-2021 00:00,39.57,6.65,15.39,0.52
1158,04-03-2021 00:00,05-03-2021 00:00,30.98,4.3,15.58,0.5
1159,05-03-2021 00:00,06-03-2021 00:00,20.03,3.65,15.35,0.54
1160,06-03-2021 00:00,07-03-2021 00:00,22.18,2.77,11.95,0.48
1161,07-03-2021 00:00,08-03-2021 00:00,30.22,3.07,13.58,0.48
1162,08-03-2021 00:00,09-03-2021 00:00,15.09,4.85,13.28,0.46
1163,09-03-2021 00:00,10-03-2021 00:00,11.43,3.29,13.65,0.4
1164,10-03-2021 00:00,11-03-2021 00:00,9.53,5.67,13.08,0.47
1165,11-03-2021 00:00,12-03-2021 00:00,14.04,26.66,13.79,0.44
1166,12-03-2021 00:00,13-03-2021 00:00,20.98,21.78,14.06,0.46
1167,13-03-2021 00:00,14-03-2021 00:00,16.97,8.14,18.56,0.02
1168,14-03-2021 00:00,15-03-2021 00:00,17.95,7.46,19.52,0.44
1169,15-03-2021 00:00,16-03-2021 00:00,20.61,7.65,13.44,0.52
1170,16-03-2021 00:00,17-03-2021 00:00,29.05,3.01,13.25,0.49
1171,17-03-2021 00:00,18-03-2021 00:00,31.63,6.42,13.39,0.51
1172,18-03-2021 00:00,19-03-2021 00:00,40.2,20.09,13.24,0.51
1173,19-03-2021 00:00,20-03-2021 00:00,41.59,23.17,13.17,0.52
1174,20-03-2021 00:00,21-03-2021 00:00,31.97,6.16,12.99,0.49
1175,21-03-2021 00:00,22-03-2021 00:00,26.65,7.56,25.16,0.52
1176,22-03-2021 00:00,23-03-2021 00:00,39.17,6.89,13.89,0.51
1177,23-03-2021 00:00,24-03-2021 00:00,33.07,7.98,13.1,0.52
1178,24-03-2021 00:00,25-03-2021 00:00,34.83,9.84,13.0,0.53
1179,25-03-2021 00:00,26-03-2021 00:00,34.0,5.07,13.15,0.49
1180,26-03-2021 00:00,27-03-2021 00:00,47.01,9.21,12.76,0.51
1181,27-03-2021 00:00,28-03-2021 00:00,46.3,3.57,13.01,0.5
1182,28-03-2021 00:00,29-03-2021 00:00,46.7,4.98,12.95,0.53
1183,29-03-2021 00:00,30-03-2021 00:00,45.82,4.23,13.1,0.56
1184,30-03-2021 00:00,31-03-2021 00:00,44.47,6.62,13.17,0.58
1185,31-03-2021 00:00,01-04-2021 00:00,53.06,14.01,12.49,0.5
1186,01-04-2021 00:00,02-04-2021 00:00,39.48,5.14,12.97,0.57
1187,02-04-2021 00:00,03-04-2021 00:00,38.39,4.8,13.59,0.48
1188,03-04-2021 00:00,04-04-2021 00:00,44.31,6.99,13.37,0.25
1189,04-04-2021 00:00,05-04-2021 00:00,52.16,8.1,12.95,0.42
1190,05-04-2021 00:00,06-04-2021 00:00,53.77,36.25,12.3,0.52
1191,06-04-2021 00:00,07-04-2021 00:00,53.74,58.99,12.55,0.52
1192,07-04-2021 00:00,08-04-2021 00:00,48.33,13.42,13.22,0.47
1193,08-04-2021 00:00,09-04-2021 00:00,48.08,22.34,12.89,0.48
1194,09-04-2021 00:00,10-04-2021 00:00,45.49,4.51,13.14,0.63
1195,10-04-2021 00:00,11-04-2021 00:00,43.4,11.84,12.68,0.24
1196,11-04-2021 00:00,12-04-2021 00:00,29.85,8.09,34.34,0.0
1197,12-04-2021 00:00,13-04-2021 00:00,23.42,19.58,13.47,0.72
1198,13-04-2021 00:00,14-04-2021 00:00,23.81,17.41,12.66,0.4
1199,14-04-2021 00:00,15-04-2021 00:00,20.18,9.43,36.27,0.56
1200,15-04-2021 00:00,16-04-2021 00:00,13.98,4.32,12.05,0.2
1201,16-04-2021 00:00,17-04-2021 00:00,21.77,2.21,12.59,0.54
1202,17-04-2021 00:00,18-04-2021 00:00,26.89,4.61,13.9,0.88
1203,18-04-2021 00:00,19-04-2021 00:00,29.15,8.17,36.04,0.7
1204,19-04-2021 00:00,20-04-2021 00:00,28.77,2.71,12.57,0.58
1205,20-04-2021 00:00,21-04-2021 00:00,60.73,3.96,12.45,0.58
1206,21-04-2021 00:00,22-04-2021 00:00,33.79,13.08,12.92,0.56
1207,22-04-2021 00:00,23-04-2021 00:00,29.39,13.26,12.41,0.41
1208,23-04-2021 00:00,24-04-2021 00:00,19.55,9.7,12.57,0.56
1209,24-04-2021 00:00,25-04-2021 00:00,18.11,4.07,12.58,0.5
1210,25-04-2021 00:00,26-04-2021 00:00,43.99,6.36,12.56,0.52
1211,26-04-2021 00:00,27-04-2021 00:00,63.6,4.92,12.73,0.58
1212,27-04-2021 00:00,28-04-2021 00:00,35.97,6.07,12.45,0.62
1213,28-04-2021 00:00,29-04-2021 00:00,29.85,4.85,12.64,0.42
1214,29-04-2021 00:00,30-04-2021 00:00,26.2,5.25,13.13,0.66
1215,30-04-2021 00:00,01-05-2021 00:00,23.61,8.59,12.96,0.5
1216,01-05-2021 00:00,02-05-2021 00:00,28.66,5.45,12.47,0.42
1217,02-05-2021 00:00,03-05-2021 00:00,17.54,4.65,13.18,0.48
1218,03-05-2021 00:00,04-05-2021 00:00,15.33,3.45,12.73,0.51
1219,04-05-2021 00:00,05-05-2021 00:00,22.02,7.48,13.07,0.59
1220,05-05-2021 00:00,06-05-2021 00:00,33.22,31.61,12.5,0.48
1221,06-05-2021 00:00,07-05-2021 00:00,60.6,48.41,12.42,0.49
1222,07-05-2021 00:00,08-05-2021 00:00,15.38,11.44,12.91,0.44
1223,08-05-2021 00:00,09-05-2021 00:00,9.91,8.22,22.38,1.01
1224,09-05-2021 00:00,10-05-2021 00:00,8.35,10.04,12.95,0.5
1225,10-05-2021 00:00,11-05-2021 00:00,9.12,12.96,12.73,0.52
1226,11-05-2021 00:00,12-05-2021 00:00,9.62,4.52,22.8,1.61
1227,12-05-2021 00:00,13-05-2021 00:00,9.35,10.35,12.67,0.56
1228,13-05-2021 00:00,14-05-2021 00:00,5.94,2.7,12.34,0.46
1229,14-05-2021 00:00,15-05-2021 00:00,3.91,25.52,12.67,0.45
1230,15-05-2021 00:00,16-05-2021 00:00,2.05,3.83,12.66,0.46
1231,16-05-2021 00:00,17-05-2021 00:00,2.51,4.68,22.53,2.1
1232,17-05-2021 00:00,18-05-2021 00:00,3.85,8.95,12.88,0.48
1233,18-05-2021 00:00,19-05-2021 00:00,5.96,3.21,12.82,0.49
1234,19-05-2021 00:00,20-05-2021 00:00,3.5,2.86,12.7,0.5
1235,20-05-2021 00:00,21-05-2021 00:00,4.09,4.3,22.42,0.92
1236,21-05-2021 00:00,22-05-2021 00:00,3.75,31.29,12.9,0.48
1237,22-05-2021 00:00,23-05-2021 00:00,5.59,4.33,22.44,0.38
1238,23-05-2021 00:00,24-05-2021 00:00,7.89,7.61,6.41,0.34
1239,24-05-2021 00:00,25-05-2021 00:00,14.57,3.64,21.87,0.98
1240,25-05-2021 00:00,26-05-2021 00:00,11.16,4.23,22.62,0.87
1241,26-05-2021 00:00,27-05-2021 00:00,12.23,4.42,12.63,0.53
1242,27-05-2021 00:00,28-05-2021 00:00,16.38,5.46,12.61,0.51
1243,28-05-2021 00:00,29-05-2021 00:00,16.44,9.21,12.2,0.43
1244,29-05-2021 00:00,30-05-2021 00:00,9.02,3.61,12.38,0.42
1245,30-05-2021 00:00,31-05-2021 00:00,5.86,3.51,12.57,0.45
1246,31-05-2021 00:00,01-06-2021 00:00,6.62,8.86,12.66,0.34
1247,01-06-2021 00:00,02-06-2021 00:00,11.55,20.76,12.75,0.48
1248,02-06-2021 00:00,03-06-2021 00:00,7.58,7.37,12.63,0.49
1249,03-06-2021 00:00,04-06-2021 00:00,7.37,18.21,13.31,0.52
1250,04-06-2021 00:00,05-06-2021 00:00,5.98,3.72,13.37,0.5
1251,05-06-2021 00:00,06-06-2021 00:00,2.55,6.64,13.15,0.46
1252,06-06-2021 00:00,07-06-2021 00:00,2.43,5.18,13.42,0.47
1253,07-06-2021 00:00,08-06-2021 00:00,9.02,4.66,13.15,0.48
1254,08-06-2021 00:00,09-06-2021 00:00,14.31,5.14,13.29,0.43
1255,09-06-2021 00:00,10-06-2021 00:00,7.05,6.38,12.92,0.45
1256,10-06-2021 00:00,11-06-2021 00:00,6.39,8.96,12.71,0.44
1257,11-06-2021 00:00,12-06-2021 00:00,7.49,4.38,12.9,0.44
1258,12-06-2021 00:00,13-06-2021 00:00,4.66,4.55,12.75,0.46
1259,13-06-2021 00:00,14-06-2021 00:00,3.41,4.53,13.16,0.41
1260,14-06-2021 00:00,15-06-2021 00:00,6.23,33.44,11.8,0.33
1261,15-06-2021 00:00,16-06-2021 00:00,16.5,22.43,31.88,0.48
1262,16-06-2021 00:00,17-06-2021 00:00,30.3,2.96,33.17,0.49
1263,17-06-2021 00:00,18-06-2021 00:00,19.78,11.81,33.01,0.45
1264,18-06-2021 00:00,19-06-2021 00:00,24.83,5.71,32.97,0.39
1265,19-06-2021 00:00,20-06-2021 00:00,24.95,6.23,32.86,0.51
1266,20-06-2021 00:00,21-06-2021 00:00,24.9,3.56,33.03,0.43
1267,21-06-2021 00:00,22-06-2021 00:00,19.22,14.83,19.62,0.45
1268,22-06-2021 00:00,23-06-2021 00:00,32.67,23.46,10.24,0.47
1269,23-06-2021 00:00,24-06-2021 00:00,29.53,9.86,10.32,0.46
1270,24-06-2021 00:00,25-06-2021 00:00,28.09,54.65,10.46,0.45
1271,25-06-2021 00:00,26-06-2021 00:00,32.24,7.18,10.2,0.48
1272,26-06-2021 00:00,27-06-2021 00:00,15.84,3.08,10.06,0.45
1273,27-06-2021 00:00,28-06-2021 00:00,11.3,3.38,10.04,0.5
1274,28-06-2021 00:00,29-06-2021 00:00,19.86,3.76,10.18,0.79
1275,29-06-2021 00:00,30-06-2021 00:00,17.33,5.41,10.18,0.51
1276,30-06-2021 00:00,01-07-2021 00:00,21.31,11.16,10.26,0.56
1277,01-07-2021 00:00,02-07-2021 00:00,19.2,9.79,10.23,0.48
1278,02-07-2021 00:00,03-07-2021 00:00,13.48,5.32,10.37,0.53
1279,03-07-2021 00:00,04-07-2021 00:00,16.64,12.91,10.33,0.53
1280,04-07-2021 00:00,05-07-2021 00:00,9.97,12.79,10.09,0.49
1281,05-07-2021 00:00,06-07-2021 00:00,10.64,7.95,10.22,0.53
1282,06-07-2021 00:00,07-07-2021 00:00,8.59,6.55,10.16,0.77
1283,07-07-2021 00:00,08-07-2021 00:00,13.37,11.83,10.1,0.39
1284,08-07-2021 00:00,09-07-2021 00:00,14.73,22.21,10.4,0.52
1285,09-07-2021 00:00,10-07-2021 00:00,15.27,7.4,22.97,1.32
1286,10-07-2021 00:00,11-07-2021 00:00,5.93,6.91,23.01,1.68
1287,11-07-2021 00:00,12-07-2021 00:00,13.75,7.04,22.92,1.49
1288,12-07-2021 00:00,13-07-2021 00:00,18.39,3.9,10.26,0.46
1289,13-07-2021 00:00,14-07-2021 00:00,9.16,7.94,10.25,0.44
1290,14-07-2021 00:00,15-07-2021 00:00,11.73,9.84,10.14,0.55
1291,15-07-2021 00:00,16-07-2021 00:00,13.62,12.9,10.0,0.47
1292,16-07-2021 00:00,17-07-2021 00:00,15.39,3.2,10.1,0.52
1293,17-07-2021 00:00,18-07-2021 00:00,18.61,4.59,10.08,0.39
1294,18-07-2021 00:00,19-07-2021 00:00,13.12,6.74,15.52,1.65
1295,19-07-2021 00:00,20-07-2021 00:00,15.47,4.04,4.34,0.43
1296,20-07-2021 00:00,21-07-2021 00:00,20.75,4.64,4.36,0.43
1297,21-07-2021 00:00,22-07-2021 00:00,16.95,6.01,12.55,1.31
1298,22-07-2021 00:00,23-07-2021 00:00,16.36,7.32,4.52,0.45
1299,23-07-2021 00:00,24-07-2021 00:00,16.45,5.29,4.6,0.5
1300,24-07-2021 00:00,25-07-2021 00:00,17.86,4.66,4.49,0.5
1301,25-07-2021 00:00,26-07-2021 00:00,16.33,7.56,7.79,3.34
1302,26-07-2021 00:00,27-07-2021 00:00,16.96,8.1,7.82,1.37
1303,27-07-2021 00:00,28-07-2021 00:00,22.4,5.36,11.26,0.51
1304,28-07-2021 00:00,29-07-2021 00:00,20.2,4.67,11.86,0.6
1305,29-07-2021 00:00,30-07-2021 00:00,25.02,4.81,11.82,0.47
1306,30-07-2021 00:00,31-07-2021 00:00,21.41,5.0,11.67,0.46
1307,31-07-2021 00:00,01-08-2021 00:00,20.56,4.71,11.69,0.44
1308,01-08-2021 00:00,02-08-2021 00:00,18.24,6.88,11.5,0.3
1309,02-08-2021 00:00,03-08-2021 00:00,24.62,3.98,11.61,0.53
1310,03-08-2021 00:00,04-08-2021 00:00,25.5,4.74,11.65,0.47
1311,04-08-2021 00:00,05-08-2021 00:00,23.48,2.33,11.58,0.41
1312,05-08-2021 00:00,06-08-2021 00:00,19.17,9.26,11.39,0.49
1313,06-08-2021 00:00,07-08-2021 00:00,23.03,3.76,10.31,0.45
1314,07-08-2021 00:00,08-08-2021 00:00,22.61,10.57,2.58,0.51
1315,08-08-2021 00:00,09-08-2021 00:00,16.97,4.08,2.49,0.51
1316,09-08-2021 00:00,10-08-2021 00:00,17.03,4.0,2.47,0.5
1317,10-08-2021 00:00,11-08-2021 00:00,18.9,9.13,2.9,0.47
1318,11-08-2021 00:00,12-08-2021 00:00,24.35,10.86,2.76,0.53
1319,12-08-2021 00:00,13-08-2021 00:00,18.93,3.72,2.69,0.49
1320,13-08-2021 00:00,14-08-2021 00:00,22.96,3.9,5.82,0.49
1321,14-08-2021 00:00,15-08-2021 00:00,23.57,3.86,10.38,0.45
1322,15-08-2021 00:00,16-08-2021 00:00,22.39,6.52,18.4,1.04
1323,16-08-2021 00:00,17-08-2021 00:00,22.18,7.11,10.16,0.52
1324,17-08-2021 00:00,18-08-2021 00:00,22.19,7.24,17.4,1.15
1325,18-08-2021 00:00,19-08-2021 00:00,19.55,4.56,10.15,0.47
1326,19-08-2021 00:00,20-08-2021 00:00,17.26,5.7,13.29,0.5
1327,20-08-2021 00:00,21-08-2021 00:00,22.6,9.6,18.28,0.54
1328,21-08-2021 00:00,22-08-2021 00:00,24.34,6.31,18.15,0.58
1329,22-08-2021 00:00,23-08-2021 00:00,20.97,5.41,18.41,0.75
1330,23-08-2021 00:00,24-08-2021 00:00,17.28,5.97,18.59,0.49
1331,24-08-2021 00:00,25-08-2021 00:00,21.9,5.83,18.48,0.55
1332,25-08-2021 00:00,26-08-2021 00:00,16.6,11.76,18.5,0.62
1333,26-08-2021 00:00,27-08-2021 00:00,16.64,4.84,18.16,0.55
1334,27-08-2021 00:00,28-08-2021 00:00,13.55,13.97,18.17,0.64
1335,28-08-2021 00:00,29-08-2021 00:00,13.25,6.34,18.23,0.55
1336,29-08-2021 00:00,30-08-2021 00:00,13.77,7.22,18.38,0.56
1337,30-08-2021 00:00,31-08-2021 00:00,14.65,16.3,18.22,0.49
1338,31-08-2021 00:00,01-09-2021 00:00,20.63,8.62,17.9,0.61
1339,01-09-2021 00:00,02-09-2021 00:00,19.07,7.98,18.11,0.57
1340,02-09-2021 00:00,03-09-2021 00:00,16.28,4.85,18.01,0.47
1341,03-09-2021 00:00,04-09-2021 00:00,16.18,6.5,18.2,0.56
1342,04-09-2021 00:00,05-09-2021 00:00,14.54,5.58,18.1,0.59
1343,05-09-2021 00:00,06-09-2021 00:00,12.81,6.1,17.96,0.53
1344,06-09-2021 00:00,07-09-2021 00:00,13.18,5.77,18.11,0.58
1345,07-09-2021 00:00,08-09-2021 00:00,13.4,5.73,18.15,0.54
1346,08-09-2021 00:00,09-09-2021 00:00,14.79,8.39,18.14,0.53
1347,09-09-2021 00:00,10-09-2021 00:00,16.93,11.85,18.2,0.48
1348,10-09-2021 00:00,11-09-2021 00:00,17.35,9.44,19.02,1.82
1349,11-09-2021 00:00,12-09-2021 00:00,18.61,5.94,18.13,0.6
1350,12-09-2021 00:00,13-09-2021 00:00,36.84,6.47,18.32,0.53
1351,13-09-2021 00:00,14-09-2021 00:00,15.52,6.02,18.01,0.54
1352,14-09-2021 00:00,15-09-2021 00:00,19.27,6.17,18.23,0.56
1353,15-09-2021 00:00,16-09-2021 00:00,21.73,5.92,18.13,0.61
1354,16-09-2021 00:00,17-09-2021 00:00,22.55,6.01,18.17,0.57
1355,17-09-2021 00:00,18-09-2021 00:00,25.5,9.02,17.93,0.66
1356,18-09-2021 00:00,19-09-2021 00:00,24.74,14.34,18.47,0.48
1357,19-09-2021 00:00,20-09-2021 00:00,25.9,9.99,19.0,2.04
1358,20-09-2021 00:00,21-09-2021 00:00,19.87,14.54,18.34,0.55
1359,21-09-2021 00:00,22-09-2021 00:00,15.58,14.04,18.23,0.58
1360,22-09-2021 00:00,23-09-2021 00:00,15.25,8.13,18.0,0.59
1361,23-09-2021 00:00,24-09-2021 00:00,15.97,7.66,18.1,0.56
1362,24-09-2021 00:00,25-09-2021 00:00,20.78,8.42,17.84,0.82
1363,25-09-2021 00:00,26-09-2021 00:00,15.78,8.54,18.04,0.44
1364,26-09-2021 00:00,27-09-2021 00:00,14.17,10.87,17.93,0.61
1365,27-09-2021 00:00,28-09-2021 00:00,12.58,8.81,17.97,0.5
1366,28-09-2021 00:00,29-09-2021 00:00,15.71,13.58,18.0,0.56
1367,29-09-2021 00:00,30-09-2021 00:00,17.35,7.3,18.1,0.54
1368,30-09-2021 00:00,01-10-2021 00:00,20.02,6.36,17.99,0.64
1369,01-10-2021 00:00,02-10-2021 00:00,18.61,6.15,18.03,0.59
1370,02-10-2021 00:00,03-10-2021 00:00,18.68,7.97,17.91,0.57
1371,03-10-2021 00:00,04-10-2021 00:00,14.93,9.98,18.95,2.75
1372,04-10-2021 00:00,05-10-2021 00:00,16.39,7.4,18.33,0.63
1373,05-10-2021 00:00,06-10-2021 00:00,18.61,2.5,18.69,0.53
1374,06-10-2021 00:00,07-10-2021 00:00,13.84,10.36,19.02,3.06
1375,07-10-2021 00:00,08-10-2021 00:00,15.26,5.57,18.43,0.71
1376,08-10-2021 00:00,09-10-2021 00:00,15.18,7.41,18.13,0.57
1377,09-10-2021 00:00,10-10-2021 00:00,14.61,7.8,17.8,0.59
1378,10-10-2021 00:00,11-10-2021 00:00,14.1,7.69,110.53,0.21
1379,11-10-2021 00:00,12-10-2021 00:00,15.43,14.51,20.89,0.6
1380,12-10-2021 00:00,13-10-2021 00:00,13.32,9.77,18.15,0.44
1381,13-10-2021 00:00,14-10-2021 00:00,12.82,15.87,18.17,0.6
1382,14-10-2021 00:00,15-10-2021 00:00,15.45,8.79,18.19,0.67
1383,15-10-2021 00:00,16-10-2021 00:00,21.04,8.37,17.96,0.76
1384,16-10-2021 00:00,17-10-2021 00:00,27.07,8.22,18.04,0.73
1385,17-10-2021 00:00,18-10-2021 00:00,19.2,7.73,18.08,0.68
1386,18-10-2021 00:00,19-10-2021 00:00,21.2,16.73,18.21,0.53
1387,19-10-2021 00:00,20-10-2021 00:00,29.35,26.62,18.21,0.64
1388,20-10-2021 00:00,21-10-2021 00:00,33.71,7.22,18.0,0.65
1389,21-10-2021 00:00,22-10-2021 00:00,28.97,19.73,18.14,0.68
1390,22-10-2021 00:00,23-10-2021 00:00,25.83,32.42,18.05,0.53
1391,23-10-2021 00:00,24-10-2021 00:00,21.8,5.02,21.16,0.51
1392,24-10-2021 00:00,25-10-2021 00:00,14.2,6.07,17.98,0.38
1393,25-10-2021 00:00,26-10-2021 00:00,27.71,35.46,18.57,0.41
1394,26-10-2021 00:00,27-10-2021 00:00,37.61,21.21,18.07,0.69
1395,27-10-2021 00:00,28-10-2021 00:00,44.68,7.15,18.07,0.66
1396,28-10-2021 00:00,29-10-2021 00:00,47.44,6.07,18.01,0.62
1397,29-10-2021 00:00,30-10-2021 00:00,29.31,8.42,17.86,0.37
1398,30-10-2021 00:00,31-10-2021 00:00,13.99,13.81,19.54,0.62
1399,31-10-2021 00:00,01-11-2021 00:00,13.01,6.64,20.04,0.57
1400,01-11-2021 00:00,02-11-2021 00:00,10.28,7.99,20.09,0.5
1401,02-11-2021 00:00,03-11-2021 00:00,11.57,11.98,20.2,0.63
1402,03-11-2021 00:00,04-11-2021 00:00,18.1,22.29,22.52,0.48
1403,04-11-2021 00:00,05-11-2021 00:00,16.97,10.72,22.95,0.4
1404,05-11-2021 00:00,06-11-2021 00:00,22.97,10.13,23.79,0.58
1405,06-11-2021 00:00,07-11-2021 00:00,19.11,16.44,26.92,0.57
1406,07-11-2021 00:00,08-11-2021 00:00,25.58,21.07,26.76,0.46
1407,08-11-2021 00:00,09-11-2021 00:00,42.46,27.5,26.85,1.18
1408,09-11-2021 00:00,10-11-2021 00:00,41.77,13.54,20.26,0.18
1409,10-11-2021 00:00,11-11-2021 00:00,41.82,14.51,17.18,0.52
1410,11-11-2021 00:00,12-11-2021 00:00,28.91,14.19,17.42,0.62
1411,12-11-2021 00:00,13-11-2021 00:00,15.2,11.05,17.49,0.78
1412,13-11-2021 00:00,14-11-2021 00:00,20.05,12.83,23.01,2.13
1413,14-11-2021 00:00,15-11-2021 00:00,14.43,11.98,22.99,2.14
1414,15-11-2021 00:00,16-11-2021 00:00,15.01,8.02,17.7,0.93
1415,16-11-2021 00:00,17-11-2021 00:00,21.22,17.36,17.61,0.75
1416,17-11-2021 00:00,18-11-2021 00:00,16.39,45.06,17.03,0.65
1417,18-11-2021 00:00,19-11-2021 00:00,12.03,35.42,17.33,0.58
1418,19-11-2021 00:00,20-11-2021 00:00,10.02,14.0,17.54,0.77
1419,20-11-2021 00:00,21-11-2021 00:00,13.28,13.67,17.63,0.71
1420,21-11-2021 00:00,22-11-2021 00:00,23.63,11.76,17.6,0.65
1421,22-11-2021 00:00,23-11-2021 00:00,18.26,11.85,17.81,0.7
1422,23-11-2021 00:00,24-11-2021 00:00,18.25,19.46,17.54,0.58
1423,24-11-2021 00:00,25-11-2021 00:00,18.76,22.86,17.47,0.61
1424,25-11-2021 00:00,26-11-2021 00:00,20.38,11.6,17.42,0.56
1425,26-11-2021 00:00,27-11-2021 00:00,26.79,12.57,17.45,0.55
1426,27-11-2021 00:00,28-11-2021 00:00,30.56,11.88,17.39,0.59
1427,28-11-2021 00:00,29-11-2021 00:00,18.89,11.22,17.49,0.63
1428,29-11-2021 00:00,30-11-2021 00:00,12.18,12.21,17.33,0.54
1429,30-11-2021 00:00,01-12-2021 00:00,16.28,10.4,17.33,0.45
1430,01-12-2021 00:00,02-12-2021 00:00,25.26,12.12,17.55,0.57
1431,02-12-2021 00:00,03-12-2021 00:00,38.99,36.12,16.92,0.64
1432,03-12-2021 00:00,04-12-2021 00:00,39.02,16.91,17.38,1.07
1433,04-12-2021 00:00,05-12-2021 00:00,41.48,12.69,17.37,0.92
1434,05-12-2021 00:00,06-12-2021 00:00,26.7,13.03,17.38,0.61
1435,06-12-2021 00:00,07-12-2021 00:00,50.81,15.67,17.45,0.83
1436,07-12-2021 00:00,08-12-2021 00:00,46.5,13.0,17.14,0.73
1437,08-12-2021 00:00,09-12-2021 00:00,28.28,11.36,17.25,0.6
1438,09-12-2021 00:00,10-12-2021 00:00,22.03,10.7,17.4,0.58
1439,10-12-2021 00:00,11-12-2021 00:00,22.34,10.9,17.35,0.53
1440,11-12-2021 00:00,12-12-2021 00:00,17.73,10.35,17.27,0.61
1441,12-12-2021 00:00,13-12-2021 00:00,14.99,11.28,17.09,0.66
1442,13-12-2021 00:00,14-12-2021 00:00,17.45,11.3,17.25,0.52
1443,14-12-2021 00:00,15-12-2021 00:00,20.95,11.19,17.2,0.55
1444,15-12-2021 00:00,16-12-2021 00:00,35.67,12.69,17.39,0.37
1445,16-12-2021 00:00,17-12-2021 00:00,42.75,10.68,17.42,0.52
1446,17-12-2021 00:00,18-12-2021 00:00,47.29,12.52,17.53,0.53
1447,18-12-2021 00:00,19-12-2021 00:00,54.15,9.89,17.25,0.66
1448,19-12-2021 00:00,20-12-2021 00:00,41.84,10.37,17.07,0.52
1449,20-12-2021 00:00,21-12-2021 00:00,40.99,13.1,17.09,0.31
1450,21-12-2021 00:00,22-12-2021 00:00,58.31,9.73,17.04,1.56
1451,22-12-2021 00:00,23-12-2021 00:00,53.5,11.11,17.19,0.24
1452,23-12-2021 00:00,24-12-2021 00:00,59.04,13.22,17.13,1.31
1453,24-12-2021 00:00,25-12-2021 00:00,53.76,10.01,17.16,1.05
1454,25-12-2021 00:00,26-12-2021 00:00,45.16,10.93,17.49,0.23
1455,26-12-2021 00:00,27-12-2021 00:00,39.22,6.77,24.45,0.66
1456,27-12-2021 00:00,28-12-2021 00:00,40.12,23.37,17.09,0.57
1457,28-12-2021 00:00,29-12-2021 00:00,32.84,10.13,16.74,0.51
1458,29-12-2021 00:00,30-12-2021 00:00,31.14,15.02,17.08,0.69
1459,30-12-2021 00:00,31-12-2021 00:00,28.78,11.23,17.17,0.56
1460,31-12-2021 00:00,01-01-2022 00:00,20.5,11.06,17.1,0.63
1461,01-01-2022 00:00,02-01-2022 00:00,17.34,18.79,17.31,0.62
1462,02-01-2022 00:00,03-01-2022 00:00,16.89,9.77,17.26,0.59
1463,03-01-2022 00:00,04-01-2022 00:00,27.08,13.14,17.3,0.57
1464,04-01-2022 00:00,05-01-2022 00:00,35.95,10.31,17.05,0.58
1465,05-01-2022 00:00,06-01-2022 00:00,43.92,11.95,17.21,0.65
1466,06-01-2022 00:00,07-01-2022 00:00,36.82,12.56,17.15,0.5
1467,07-01-2022 00:00,08-01-2022 00:00,34.98,12.28,17.19,0.68
1468,08-01-2022 00:00,09-01-2022 00:00,32.18,12.81,17.08,0.55
1469,09-01-2022 00:00,10-01-2022 00:00,31.15,13.14,17.12,0.56
1470,10-01-2022 00:00,11-01-2022 00:00,35.39,10.95,17.18,0.5
1471,11-01-2022 00:00,12-01-2022 00:00,28.98,12.16,16.97,0.46
1472,12-01-2022 00:00,13-01-2022 00:00,34.76,10.56,17.12,0.53
1473,13-01-2022 00:00,14-01-2022 00:00,30.99,9.34,17.01,0.45
1474,14-01-2022 00:00,15-01-2022 00:00,34.33,9.81,17.4,0.13
1475,15-01-2022 00:00,16-01-2022 00:00,33.11,9.94,17.04,0.34
1476,16-01-2022 00:00,17-01-2022 00:00,23.93,11.84,16.7,0.66
1477,17-01-2022 00:00,18-01-2022 00:00,20.34,11.08,17.06,0.53
1478,18-01-2022 00:00,19-01-2022 00:00,25.67,10.76,16.96,0.5
1479,19-01-2022 00:00,20-01-2022 00:00,31.98,25.71,16.93,0.56
1480,20-01-2022 00:00,21-01-2022 00:00,51.71,11.41,16.87,0.69
1481,21-01-2022 00:00,22-01-2022 00:00,50.81,12.12,16.84,0.88
1482,22-01-2022 00:00,23-01-2022 00:00,53.56,10.48,16.87,0.86
1483,23-01-2022 00:00,24-01-2022 00:00,28.48,9.94,16.86,0.53
1484,24-01-2022 00:00,25-01-2022 00:00,28.81,12.06,16.82,0.56
1485,25-01-2022 00:00,26-01-2022 00:00,50.45,10.61,16.79,0.66
1486,26-01-2022 00:00,27-01-2022 00:00,41.43,10.4,16.77,0.71
1487,27-01-2022 00:00,28-01-2022 00:00,35.02,12.17,16.74,0.5
1488,28-01-2022 00:00,29-01-2022 00:00,45.05,11.7,16.68,0.66
1489,29-01-2022 00:00,30-01-2022 00:00,50.24,11.03,16.73,0.7
1490,30-01-2022 00:00,31-01-2022 00:00,43.46,12.83,16.77,0.72
1491,31-01-2022 00:00,01-02-2022 00:00,52.79,17.74,17.93,0.84
1492,01-02-2022 00:00,02-02-2022 00:00,57.34,11.06,17.31,0.62
1493,02-02-2022 00:00,03-02-2022 00:00,55.13,11.28,16.53,0.68
1494,03-02-2022 00:00,04-02-2022 00:00,55.26,10.64,16.39,0.62
1495,04-02-2022 00:00,05-02-2022 00:00,43.13,10.94,16.43,0.67
1496,05-02-2022 00:00,06-02-2022 00:00,50.9,11.4,16.49,0.67
1497,06-02-2022 00:00,07-02-2022 00:00,40.2,11.27,16.46,0.58
1498,07-02-2022 00:00,08-02-2022 00:00,38.66,12.49,16.55,0.52
1499,08-02-2022 00:00,09-02-2022 00:00,45.83,9.76,16.31,0.62
1500,09-02-2022 00:00,10-02-2022 00:00,42.93,11.5,16.36,0.49
1501,10-02-2022 00:00,11-02-2022 00:00,37.85,12.27,16.19,0.5
1502,11-02-2022 00:00,12-02-2022 00:00,36.82,14.73,16.25,0.57
1503,12-02-2022 00:00,13-02-2022 00:00,30.56,11.57,16.28,0.58
1504,13-02-2022 00:00,14-02-2022 00:00,33.23,11.97,16.25,0.61
1505,14-02-2022 00:00,15-02-2022 00:00,38.06,12.8,16.18,0.57
1506,15-02-2022 00:00,16-02-2022 00:00,42.45,12.01,16.16,0.57
1507,16-02-2022 00:00,17-02-2022 00:00,50.28,12.05,15.85,0.57
1508,17-02-2022 00:00,18-02-2022 00:00,46.08,34.87,16.24,0.56
1509,18-02-2022 00:00,19-02-2022 00:00,36.85,17.04,16.02,0.56
1510,19-02-2022 00:00,20-02-2022 00:00,35.01,11.31,16.05,0.68
1511,20-02-2022 00:00,21-02-2022 00:00,50.09,12.04,15.98,0.54
1512,21-02-2022 00:00,22-02-2022 00:00,49.73,19.08,16.14,0.59
1513,22-02-2022 00:00,23-02-2022 00:00,52.2,18.29,16.0,0.5
1514,23-02-2022 00:00,24-02-2022 00:00,33.71,11.76,15.9,0.56
1515,24-02-2022 00:00,25-02-2022 00:00,26.86,8.72,14.83,0.27
1516,25-02-2022 00:00,26-02-2022 00:00,38.36,6.25,13.27,0.34
1517,26-02-2022 00:00,27-02-2022 00:00,37.47,7.01,13.31,0.38
1518,27-02-2022 00:00,28-02-2022 00:00,30.08,18.99,24.39,2.19
1519,28-02-2022 00:00,01-03-2022 00:00,27.87,4.62,12.95,0.01
1520,01-03-2022 00:00,02-03-2022 00:00,27.96,22.9,13.25,0.29
1521,02-03-2022 00:00,03-03-2022 00:00,34.31,3.25,13.61,0.08
1522,03-03-2022 00:00,04-03-2022 00:00,39.67,1.54,13.25,0.03
1523,04-03-2022 00:00,05-03-2022 00:00,34.44,4.6,13.13,0.42
1524,05-03-2022 00:00,06-03-2022 00:00,28.69,5.74,13.05,0.49
1525,06-03-2022 00:00,07-03-2022 00:00,26.65,3.58,13.01,0.33
1526,07-03-2022 00:00,08-03-2022 00:00,26.05,13.83,13.02,0.52
1527,08-03-2022 00:00,09-03-2022 00:00,36.95,5.61,12.99,0.52
1528,09-03-2022 00:00,10-03-2022 00:00,42.83,45.21,12.86,0.56
1529,10-03-2022 00:00,11-03-2022 00:00,46.16,14.49,12.84,0.52
1530,11-03-2022 00:00,12-03-2022 00:00,42.51,17.38,12.8,0.55
1531,12-03-2022 00:00,13-03-2022 00:00,43.05,6.68,12.78,0.52
1532,13-03-2022 00:00,14-03-2022 00:00,46.37,7.55,12.76,0.55
1533,14-03-2022 00:00,15-03-2022 00:00,53.39,6.49,12.72,0.6
1534,15-03-2022 00:00,16-03-2022 00:00,59.04,6.75,12.66,0.53
1535,16-03-2022 00:00,17-03-2022 00:00,57.22,8.64,12.62,0.66
1536,17-03-2022 00:00,18-03-2022 00:00,59.28,9.89,12.62,0.67
1537,18-03-2022 00:00,19-03-2022 00:00,54.93,7.94,12.59,0.6
1538,19-03-2022 00:00,20-03-2022 00:00,42.62,6.84,12.54,0.43
1539,20-03-2022 00:00,21-03-2022 00:00,34.42,18.96,24.46,2.57
1540,21-03-2022 00:00,22-03-2022 00:00,35.02,19.01,24.42,2.45
1541,22-03-2022 00:00,23-03-2022 00:00,35.21,19.74,12.52,0.4
1542,23-03-2022 00:00,24-03-2022 00:00,47.92,9.09,12.41,0.67
1543,24-03-2022 00:00,25-03-2022 00:00,47.38,10.02,12.35,0.59
1544,25-03-2022 00:00,26-03-2022 00:00,40.58,9.57,12.26,0.47
1545,26-03-2022 00:00,27-03-2022 00:00,43.67,16.61,12.42,0.76
1546,27-03-2022 00:00,28-03-2022 00:00,41.54,5.91,22.33,0.77
1547,28-03-2022 00:00,29-03-2022 00:00,43.61,22.27,12.38,0.69
1548,29-03-2022 00:00,30-03-2022 00:00,41.58,24.63,12.35,0.52
1549,30-03-2022 00:00,31-03-2022 00:00,46.53,7.32,12.35,0.37
1550,31-03-2022 00:00,01-04-2022 00:00,42.68,11.78,12.43,0.77
1551,01-04-2022 00:00,02-04-2022 00:00,42.14,7.91,12.4,0.39
1552,02-04-2022 00:00,03-04-2022 00:00,41.01,23.71,16.64,1.83
1553,03-04-2022 00:00,04-04-2022 00:00,39.51,23.72,16.56,1.83
1554,04-04-2022 00:00,05-04-2022 00:00,42.95,46.35,12.45,0.5
1555,05-04-2022 00:00,06-04-2022 00:00,38.61,9.29,12.4,0.5
1556,06-04-2022 00:00,07-04-2022 00:00,45.96,9.26,12.31,0.52
1557,07-04-2022 00:00,08-04-2022 00:00,46.32,9.12,12.22,0.49
1558,08-04-2022 00:00,09-04-2022 00:00,34.51,9.97,12.14,0.6
1559,09-04-2022 00:00,10-04-2022 00:00,29.92,9.7,12.09,0.49
1560,10-04-2022 00:00,11-04-2022 00:00,27.83,11.04,12.09,0.64
1561,11-04-2022 00:00,12-04-2022 00:00,29.39,7.82,12.08,0.4
1562,12-04-2022 00:00,13-04-2022 00:00,23.22,8.97,12.04,0.75
1563,13-04-2022 00:00,14-04-2022 00:00,20.38,9.5,12.04,0.45
1564,14-04-2022 00:00,15-04-2022 00:00,19.77,23.68,16.58,1.83
1565,15-04-2022 00:00,16-04-2022 00:00,20.85,24.88,12.17,0.41
1566,16-04-2022 00:00,17-04-2022 00:00,27.29,12.57,12.06,0.54
1567,17-04-2022 00:00,18-04-2022 00:00,31.09,23.67,16.49,1.83
1568,18-04-2022 00:00,19-04-2022 00:00,21.45,16.5,12.23,0.71
1569,19-04-2022 00:00,20-04-2022 00:00,32.74,7.1,12.21,0.55
1570,20-04-2022 00:00,21-04-2022 00:00,43.73,19.93,12.16,0.61
1571,21-04-2022 00:00,22-04-2022 00:00,50.9,15.23,12.04,0.59
1572,22-04-2022 00:00,23-04-2022 00:00,44.34,11.31,11.97,0.51
1573,23-04-2022 00:00,24-04-2022 00:00,31.28,17.83,11.73,0.55
1574,24-04-2022 00:00,25-04-2022 00:00,30.24,9.43,11.68,0.38
1575,25-04-2022 00:00,26-04-2022 00:00,42.1,45.7,11.69,0.6
1576,26-04-2022 00:00,27-04-2022 00:00,40.81,23.66,11.67,0.42
1577,27-04-2022 00:00,28-04-2022 00:00,47.28,18.29,11.68,0.66
1578,28-04-2022 00:00,29-04-2022 00:00,41.98,12.59,11.61,0.48
1579,29-04-2022 00:00,30-04-2022 00:00,40.96,46.33,11.61,0.76
1580,30-04-2022 00:00,01-05-2022 00:00,44.34,14.21,11.6,0.39
1581,01-05-2022 00:00,02-05-2022 00:00,23.4,7.6,4.63,0.41
1582,02-05-2022 00:00,03-05-2022 00:00,29.31,18.39,11.55,0.79
1583,03-05-2022 00:00,04-05-2022 00:00,26.55,16.41,11.53,0.53
1584,04-05-2022 00:00,05-05-2022 00:00,25.15,14.58,11.51,0.54
1585,05-05-2022 00:00,06-05-2022 00:00,18.05,49.96,12.89,0.66
1586,06-05-2022 00:00,07-05-2022 00:00,28.06,8.03,14.84,0.78
1587,07-05-2022 00:00,08-05-2022 00:00,32.14,16.82,15.0,0.59
1588,08-05-2022 00:00,09-05-2022 00:00,36.1,14.39,14.95,0.56
1589,09-05-2022 00:00,10-05-2022 00:00,33.92,13.72,14.77,0.52
1590,10-05-2022 00:00,11-05-2022 00:00,31.55,12.73,14.41,0.41
1591,11-05-2022 00:00,12-05-2022 00:00,28.7,8.74,14.88,0.46
1592,12-05-2022 00:00,13-05-2022 00:00,18.38,4.37,14.76,0.38
1593,13-05-2022 00:00,14-05-2022 00:00,16.5,57.22,14.83,0.49
1594,14-05-2022 00:00,15-05-2022 00:00,56.53,9.82,14.77,0.63
1595,15-05-2022 00:00,16-05-2022 00:00,20.12,7.15,14.83,0.6
1596,16-05-2022 00:00,17-05-2022 00:00,21.2,7.69,14.85,0.54
1597,17-05-2022 00:00,18-05-2022 00:00,25.54,12.14,14.92,0.52
1598,18-05-2022 00:00,19-05-2022 00:00,16.15,9.67,14.74,0.61
1599,19-05-2022 00:00,20-05-2022 00:00,16.22,13.36,14.69,0.46
1600,20-05-2022 00:00,21-05-2022 00:00,33.7,5.49,14.8,0.53
1601,21-05-2022 00:00,22-05-2022 00:00,29.93,6.7,14.87,0.46
1602,22-05-2022 00:00,23-05-2022 00:00,22.17,8.22,14.75,0.5
1603,23-05-2022 00:00,24-05-2022 00:00,19.68,29.73,15.12,0.56
1604,24-05-2022 00:00,25-05-2022 00:00,28.19,7.86,14.88,0.59
1605,25-05-2022 00:00,26-05-2022 00:00,29.74,6.84,15.05,0.69
1606,26-05-2022 00:00,27-05-2022 00:00,29.82,7.35,14.83,0.5
1607,27-05-2022 00:00,28-05-2022 00:00,38.1,6.39,14.9,0.56
1608,28-05-2022 00:00,29-05-2022 00:00,29.6,5.82,14.99,0.47
1609,29-05-2022 00:00,30-05-2022 00:00,22.89,6.73,14.91,0.44
1610,30-05-2022 00:00,31-05-2022 00:00,26.71,6.54,14.75,0.57
1611,31-05-2022 00:00,01-06-2022 00:00,17.78,6.99,14.88,0.56
1612,01-06-2022 00:00,02-06-2022 00:00,22.07,5.72,14.89,0.33
1613,02-06-2022 00:00,03-06-2022 00:00,24.07,9.08,14.96,0.49
1614,03-06-2022 00:00,04-06-2022 00:00,27.76,5.97,15.16,0.66
1615,04-06-2022 00:00,05-06-2022 00:00,30.25,7.3,14.88,0.54
1616,05-06-2022 00:00,06-06-2022 00:00,15.46,7.21,14.96,0.52
1617,06-06-2022 00:00,07-06-2022 00:00,10.05,9.04,14.76,0.54
1618,07-06-2022 00:00,08-06-2022 00:00,12.19,14.12,14.92,0.41
1619,08-06-2022 00:00,09-06-2022 00:00,8.15,6.98,14.98,0.49
1620,09-06-2022 00:00,10-06-2022 00:00,6.89,8.1,15.06,0.5
1621,10-06-2022 00:00,11-06-2022 00:00,7.86,7.08,14.94,0.45
1622,11-06-2022 00:00,12-06-2022 00:00,9.12,6.47,14.81,0.42
1623,12-06-2022 00:00,13-06-2022 00:00,5.73,7.65,14.89,0.44
1624,13-06-2022 00:00,14-06-2022 00:00,6.41,7.5,15.03,0.46
1625,14-06-2022 00:00,15-06-2022 00:00,8.55,8.62,14.83,0.39
1626,15-06-2022 00:00,16-06-2022 00:00,8.14,7.39,14.87,0.43
1627,16-06-2022 00:00,17-06-2022 00:00,9.81,8.12,14.94,0.47
1628,17-06-2022 00:00,18-06-2022 00:00,9.5,7.27,14.91,0.46
1629,18-06-2022 00:00,19-06-2022 00:00,6.53,8.19,14.9,0.36
1630,19-06-2022 00:00,20-06-2022 00:00,3.75,13.85,9.11,1.37
1631,20-06-2022 00:00,21-06-2022 00:00,7.71,7.58,14.45,0.34
1632,21-06-2022 00:00,22-06-2022 00:00,4.57,13.71,14.85,0.43
1633,22-06-2022 00:00,23-06-2022 00:00,6.07,7.33,14.77,0.4
1634,23-06-2022 00:00,24-06-2022 00:00,6.49,15.12,14.96,0.61
1635,24-06-2022 00:00,25-06-2022 00:00,4.78,7.33,14.81,0.41
1636,25-06-2022 00:00,26-06-2022 00:00,8.81,18.68,21.77,1.39
1637,26-06-2022 00:00,27-06-2022 00:00,14.28,18.7,23.35,1.63
1638,27-06-2022 00:00,28-06-2022 00:00,11.92,11.74,14.91,0.47
1639,28-06-2022 00:00,29-06-2022 00:00,10.27,7.44,14.82,0.45
1640,29-06-2022 00:00,30-06-2022 00:00,5.48,7.64,14.81,0.61
1641,30-06-2022 00:00,01-07-2022 00:00,4.27,18.2,14.84,0.2
1642,01-07-2022 00:00,02-07-2022 00:00,7.59,6.79,14.58,0.41
1643,02-07-2022 00:00,03-07-2022 00:00,14.81,9.64,14.75,0.74
1644,03-07-2022 00:00,04-07-2022 00:00,11.24,5.74,14.89,0.47
1645,04-07-2022 00:00,05-07-2022 00:00,4.76,6.69,14.79,0.48
1646,05-07-2022 00:00,06-07-2022 00:00,4.72,5.73,14.94,0.46
1647,06-07-2022 00:00,07-07-2022 00:00,7.03,7.02,14.7,0.54
1648,07-07-2022 00:00,08-07-2022 00:00,6.38,6.6,14.93,0.5
1649,08-07-2022 00:00,09-07-2022 00:00,7.98,17.44,24.37,1.87
1650,09-07-2022 00:00,10-07-2022 00:00,7.15,17.46,26.93,1.85
1651,10-07-2022 00:00,11-07-2022 00:00,4.49,17.46,23.83,1.48
1652,11-07-2022 00:00,12-07-2022 00:00,4.97,6.58,18.75,0.48
1653,12-07-2022 00:00,13-07-2022 00:00,9.77,8.32,8.69,0.24
1654,13-07-2022 00:00,14-07-2022 00:00,5.96,10.0,8.67,0.04
1655,14-07-2022 00:00,15-07-2022 00:00,4.51,10.0,8.67,0.04
1656,15-07-2022 00:00,16-07-2022 00:00,8.34,10.66,12.1,0.19
1657,16-07-2022 00:00,17-07-2022 00:00,6.38,17.52,204.93,0.45
1658,17-07-2022 00:00,18-07-2022 00:00,4.75,16.96,23.85,1.9
1659,18-07-2022 00:00,19-07-2022 00:00,6.52,7.72,23.88,0.56
1660,19-07-2022 00:00,20-07-2022 00:00,10.28,2.99,23.99,0.43
1661,20-07-2022 00:00,21-07-2022 00:00,15.56,4.09,24.44,0.34
1662,21-07-2022 00:00,22-07-2022 00:00,12.42,9.23,24.15,0.58
1663,22-07-2022 00:00,23-07-2022 00:00,14.42,2.98,24.49,0.41
1664,23-07-2022 00:00,24-07-2022 00:00,11.36,2.71,24.41,0.5
1665,24-07-2022 00:00,25-07-2022 00:00,9.86,2.99,24.32,0.45
1666,25-07-2022 00:00,26-07-2022 00:00,9.32,2.6,23.4,0.46
1667,26-07-2022 00:00,27-07-2022 00:00,12.1,3.09,22.51,0.33
1668,27-07-2022 00:00,28-07-2022 00:00,11.6,10.31,26.07,0.57
1669,28-07-2022 00:00,29-07-2022 00:00,14.45,6.59,27.67,0.29
1670,29-07-2022 00:00,30-07-2022 00:00,22.61,17.45,32.42,0.47
1671,30-07-2022 00:00,31-07-2022 00:00,9.57,2.33,25.6,0.4
1672,31-07-2022 00:00,01-08-2022 00:00,11.88,17.67,23.0,0.12
1673,01-08-2022 00:00,02-08-2022 00:00,8.5,3.58,31.31,0.53
1674,02-08-2022 00:00,03-08-2022 00:00,7.17,4.54,25.08,0.3
1675,03-08-2022 00:00,04-08-2022 00:00,7.91,3.54,26.19,0.48
1676,04-08-2022 00:00,05-08-2022 00:00,8.72,5.21,25.76,0.38
1677,05-08-2022 00:00,06-08-2022 00:00,2.78,3.92,27.16,0.72
1678,06-08-2022 00:00,07-08-2022 00:00,3.16,3.14,26.6,0.49
1679,07-08-2022 00:00,08-08-2022 00:00,2.75,3.04,26.44,0.41
1680,08-08-2022 00:00,09-08-2022 00:00,6.66,5.45,27.64,0.33
1681,09-08-2022 00:00,10-08-2022 00:00,8.1,7.38,27.16,0.31
1682,10-08-2022 00:00,11-08-2022 00:00,8.89,17.75,27.0,2.47
1683,11-08-2022 00:00,12-08-2022 00:00,8.03,7.95,25.66,0.55
1684,12-08-2022 00:00,13-08-2022 00:00,7.31,8.88,23.65,0.39
1685,13-08-2022 00:00,14-08-2022 00:00,4.29,1.86,24.82,0.35
1686,14-08-2022 00:00,15-08-2022 00:00,10.25,3.16,25.11,0.3
